Dataset Group,Entity Schema,Entity Name,Dag Last Run Date,Column Name,Data Type,Ordinal Position,Description,Looker Label,D1 Column Name,Vw Column Name,Entity Type,SPROC UPDATE SET,sproc source
D1,D1_PHM_CONFFACT_BILLING,WORK_BILLING_TRNSCT_HVD_PR,,ROW_SRC,STRING,1,,,,,TABLE,"target.ROW_SRC = source.ROW_SRC,","source.ROW_SRC,"
D1,D1_PHM_CONFFACT_BILLING,WORK_BILLING_TRNSCT_HVD_PR,,BILLTO_KUNNR_VBPA,STRING,2,,,,,TABLE,"target.BILLTO_KUNNR_VBPA = source.BILLTO_KUNNR_VBPA,","source.BILLTO_KUNNR_VBPA,"
D1,D1_PHM_CONFFACT_BILLING,WORK_BILLING_TRNSCT_HVD_PR,,BSARK_VBAK,STRING,3,,,,,TABLE,"target.BSARK_VBAK = source.BSARK_VBAK,","source.BSARK_VBAK,"
D1,D1_PHM_CONFFACT_BILLING,WORK_BILLING_TRNSCT_HVD_PR,,CALC_AR_DUE_DTE,DATE,4,,,,,TABLE,"target.CALC_AR_DUE_DTE = source.CALC_AR_DUE_DTE,","source.CALC_AR_DUE_DTE,"
D1,D1_PHM_CONFFACT_BILLING,WORK_BILLING_TRNSCT_HVD_PR,,CALC_COGSMULTNUM,FLOAT64,5,,,,,TABLE,"target.CALC_COGSMULTNUM = source.CALC_COGSMULTNUM,","source.CALC_COGSMULTNUM,"
D1,D1_PHM_CONFFACT_BILLING,WORK_BILLING_TRNSCT_HVD_PR,,CALC_ERDAT_VBAK,DATE,6,,,,,TABLE,"target.CALC_ERDAT_VBAK = source.CALC_ERDAT_VBAK,","source.CALC_ERDAT_VBAK,"
D1,D1_PHM_CONFFACT_BILLING,WORK_BILLING_TRNSCT_HVD_PR,,CALC_EXT_NIFO_AMT,NUMERIC,7,,,,,TABLE,"target.CALC_EXT_NIFO_AMT = source.CALC_EXT_NIFO_AMT,","source.CALC_EXT_NIFO_AMT,"
D1,D1_PHM_CONFFACT_BILLING,WORK_BILLING_TRNSCT_HVD_PR,,CALC_EXT_RETAIL_PRICE_AMT,NUMERIC,8,,,,,TABLE,"target.CALC_EXT_RETAIL_PRICE_AMT = source.CALC_EXT_RETAIL_PRICE_AMT,","source.CALC_EXT_RETAIL_PRICE_AMT,"
D1,D1_PHM_CONFFACT_BILLING,WORK_BILLING_TRNSCT_HVD_PR,,CALC_EXT_SALE_COST_AMT,NUMERIC,9,,,,,TABLE,"target.CALC_EXT_SALE_COST_AMT = source.CALC_EXT_SALE_COST_AMT,","source.CALC_EXT_SALE_COST_AMT,"
D1,D1_PHM_CONFFACT_BILLING,WORK_BILLING_TRNSCT_HVD_PR,,CALC_EXT_SELL_AMT,NUMERIC,10,,,,,TABLE,"target.CALC_EXT_SELL_AMT = source.CALC_EXT_SELL_AMT,","source.CALC_EXT_SELL_AMT,"
D1,D1_PHM_CONFFACT_BILLING,WORK_BILLING_TRNSCT_HVD_PR,,CALC_FKDAT_VBRK,DATE,11,,,,,TABLE,"target.CALC_FKDAT_VBRK = source.CALC_FKDAT_VBRK,","source.CALC_FKDAT_VBRK,"
D1,D1_PHM_CONFFACT_BILLING,WORK_BILLING_TRNSCT_HVD_PR,,CALC_ORIG_EXT_SELL_AMT,NUMERIC,12,,,,,TABLE,"target.CALC_ORIG_EXT_SELL_AMT = source.CALC_ORIG_EXT_SELL_AMT,","source.CALC_ORIG_EXT_SELL_AMT,"
D1,D1_PHM_CONFFACT_BILLING,WORK_BILLING_TRNSCT_HVD_PR,,CALC_QTY_MULT_NUM,NUMERIC,13,,,,,TABLE,"target.CALC_QTY_MULT_NUM = source.CALC_QTY_MULT_NUM,","source.CALC_QTY_MULT_NUM,"
D1,D1_PHM_CONFFACT_BILLING,WORK_BILLING_TRNSCT_HVD_PR,,CALC_UNIT_INVOICE_AMT,NUMERIC,14,,,,,TABLE,"target.CALC_UNIT_INVOICE_AMT = source.CALC_UNIT_INVOICE_AMT,","source.CALC_UNIT_INVOICE_AMT,"
D1,D1_PHM_CONFFACT_BILLING,WORK_BILLING_TRNSCT_HVD_PR,,CALC_UNIT_SELL_AMT,NUMERIC,15,,,,,TABLE,"target.CALC_UNIT_SELL_AMT = source.CALC_UNIT_SELL_AMT,","source.CALC_UNIT_SELL_AMT,"
D1,D1_PHM_CONFFACT_BILLING,WORK_BILLING_TRNSCT_HVD_PR,,ERDAT_ORIG_VBRP,STRING,16,,,,,TABLE,"target.ERDAT_ORIG_VBRP = source.ERDAT_ORIG_VBRP,","source.ERDAT_ORIG_VBRP,"
D1,D1_PHM_CONFFACT_BILLING,WORK_BILLING_TRNSCT_HVD_PR,,FKART_VBRK,STRING,17,,,,,TABLE,"target.FKART_VBRK = source.FKART_VBRK,","source.FKART_VBRK,"
D1,D1_PHM_CONFFACT_BILLING,WORK_BILLING_TRNSCT_HVD_PR,,FKIMG_VBRP,NUMERIC,18,,,,,TABLE,"target.FKIMG_VBRP = source.FKIMG_VBRP,","source.FKIMG_VBRP,"
D1,D1_PHM_CONFFACT_BILLING,WORK_BILLING_TRNSCT_HVD_PR,,INSPECTION_CODE_MSR_D_EXECUTED,STRING,19,,,,,TABLE,"target.INSPECTION_CODE_MSR_D_EXECUTED = source.INSPECTION_CODE_MSR_D_EXECUTED,","source.INSPECTION_CODE_MSR_D_EXECUTED,"
D1,D1_PHM_CONFFACT_BILLING,WORK_BILLING_TRNSCT_HVD_PR,,IRM_PCBGP_VBRP,STRING,20,,,,,TABLE,"target.IRM_PCBGP_VBRP = source.IRM_PCBGP_VBRP,","source.IRM_PCBGP_VBRP,"
D1,D1_PHM_CONFFACT_BILLING,WORK_BILLING_TRNSCT_HVD_PR,,IRM_PCNUM_EXT_VBRP,STRING,21,,,,,TABLE,"target.IRM_PCNUM_EXT_VBRP = source.IRM_PCNUM_EXT_VBRP,","source.IRM_PCNUM_EXT_VBRP,"
D1,D1_PHM_CONFFACT_BILLING,WORK_BILLING_TRNSCT_HVD_PR,,KUNNR_VBPA,STRING,22,,,,,TABLE,"target.KUNNR_VBPA = source.KUNNR_VBPA,","source.KUNNR_VBPA,"
D1,D1_PHM_CONFFACT_BILLING,WORK_BILLING_TRNSCT_HVD_PR,,KWMENG_VBAP,NUMERIC,23,,,,,TABLE,"target.KWMENG_VBAP = source.KWMENG_VBAP,","source.KWMENG_VBAP,"
D1,D1_PHM_CONFFACT_BILLING,WORK_BILLING_TRNSCT_HVD_PR,,MATNR_MARA,STRING,24,,,,,TABLE,"target.MATNR_MARA = source.MATNR_MARA,","source.MATNR_MARA,"
D1,D1_PHM_CONFFACT_BILLING,WORK_BILLING_TRNSCT_HVD_PR,,MATWA_VBRP,STRING,25,,,,,TABLE,"target.MATWA_VBRP = source.MATWA_VBRP,","source.MATWA_VBRP,"
D1,D1_PHM_CONFFACT_BILLING,WORK_BILLING_TRNSCT_HVD_PR,,NETWR_VBRP,NUMERIC,26,,,,,TABLE,"target.NETWR_VBRP = source.NETWR_VBRP,","source.NETWR_VBRP,"
D1,D1_PHM_CONFFACT_BILLING,WORK_BILLING_TRNSCT_HVD_PR,,POSNR_VBAP,STRING,27,,,,,TABLE,"target.POSNR_VBAP = source.POSNR_VBAP,","source.POSNR_VBAP,"
D1,D1_PHM_CONFFACT_BILLING,WORK_BILLING_TRNSCT_HVD_PR,,POSNR_VBRP,STRING,28,,,,,TABLE,"target.POSNR_VBRP = source.POSNR_VBRP,","source.POSNR_VBRP,"
D1,D1_PHM_CONFFACT_BILLING,WORK_BILLING_TRNSCT_HVD_PR,,PSTYV_VBRP,STRING,29,,,,,TABLE,"target.PSTYV_VBRP = source.PSTYV_VBRP,","source.PSTYV_VBRP,"
D1,D1_PHM_CONFFACT_BILLING,WORK_BILLING_TRNSCT_HVD_PR,,VBELN_VBAP,STRING,30,,,,,TABLE,"target.VBELN_VBAP = source.VBELN_VBAP,","source.VBELN_VBAP,"
D1,D1_PHM_CONFFACT_BILLING,WORK_BILLING_TRNSCT_HVD_PR,,VBELN_VBRP,STRING,31,,,,,TABLE,"target.VBELN_VBRP = source.VBELN_VBRP,","source.VBELN_VBRP,"
D1,D1_PHM_CONFFACT_BILLING,WORK_BILLING_TRNSCT_HVD_PR,,WERKS_VBRP,STRING,32,,,,,TABLE,"target.WERKS_VBRP = source.WERKS_VBRP,","source.WERKS_VBRP,"
D1,D1_PHM_CONFFACT_BILLING,WORK_BILLING_TRNSCT_HVD_PR,,YYCOGSSTRAT_VBRP,STRING,33,,,,,TABLE,"target.YYCOGSSTRAT_VBRP = source.YYCOGSSTRAT_VBRP,","source.YYCOGSSTRAT_VBRP,"
D1,D1_PHM_CONFFACT_BILLING,WORK_BILLING_TRNSCT_HVD_PR,,YYORIGQTY_VBRP,NUMERIC,34,,,,,TABLE,"target.YYORIGQTY_VBRP = source.YYORIGQTY_VBRP,","source.YYORIGQTY_VBRP,"
D1,D1_PHM_CONFFACT_BILLING,WORK_BILLING_TRNSCT_HVD_PR,,YYORIGSELLPRICE_VBRP,NUMERIC,35,,,,,TABLE,"target.YYORIGSELLPRICE_VBRP = source.YYORIGSELLPRICE_VBRP,","source.YYORIGSELLPRICE_VBRP,"
D1,D1_PHM_CONFFACT_BILLING,WORK_BILLING_TRNSCT_HVD_PR,,YYSELLPRICESTRAT_VBRP,STRING,36,,,,,TABLE,"target.YYSELLPRICESTRAT_VBRP = source.YYSELLPRICESTRAT_VBRP,","source.YYSELLPRICESTRAT_VBRP,"
D1,D1_PHM_CONFFACT_BILLING,WORK_BILLING_TRNSCT_HVD_PR,,YYXBLNR_VBRP,STRING,37,,,,,TABLE,"target.YYXBLNR_VBRP = source.YYXBLNR_VBRP,","source.YYXBLNR_VBRP,"
D1,D1_PHM_CONFFACT_BILLING,WORK_BILLING_TRNSCT_HVD_PR,,ROW_ADD_STP,TIMESTAMP,38,,,,,TABLE,"target.ROW_ADD_STP = source.ROW_ADD_STP,","source.ROW_ADD_STP,"
D1,D1_PHM_CONFFACT_BILLING,WORK_BILLING_TRNSCT_HVD_PR,,ROW_ADD_USER_ID,STRING,39,,,,,TABLE,"target.ROW_ADD_USER_ID = source.ROW_ADD_USER_ID,","source.ROW_ADD_USER_ID,"
D1,D1_PHM_CONFFACT_BILLING,WORK_BILLING_TRNSCT_HVD_PR,,ROW_UPDATE_STP,TIMESTAMP,40,,,,,TABLE,"target.ROW_UPDATE_STP = source.ROW_UPDATE_STP,","source.ROW_UPDATE_STP,"
D1,D1_PHM_CONFFACT_BILLING,WORK_BILLING_TRNSCT_HVD_PR,,ROW_UPDATE_USER_ID,STRING,41,,,,,TABLE,"target.ROW_UPDATE_USER_ID = source.ROW_UPDATE_USER_ID,","source.ROW_UPDATE_USER_ID,"
D1,D1_PHM_CONFFACT_BILLING,WORK_BILLING_TRNSCT_HVD_PR_FTPSALEOUT,,CALC_FKDAT_VBRK,DATE,1,,,,,TABLE,"target.CALC_FKDAT_VBRK = source.CALC_FKDAT_VBRK,","source.CALC_FKDAT_VBRK,"
D1,D1_PHM_CONFFACT_BILLING,WORK_BILLING_TRNSCT_HVD_PR_FTPSALEOUT,,WERKS_VBRP,STRING,2,,,,,TABLE,"target.WERKS_VBRP = source.WERKS_VBRP,","source.WERKS_VBRP,"
D1,D1_PHM_CONFFACT_BILLING,WORK_BILLING_TRNSCT_HVD_PR_FTPSALEOUT,,VBELN_VBRP,STRING,3,,,,,TABLE,"target.VBELN_VBRP = source.VBELN_VBRP,","source.VBELN_VBRP,"
D1,D1_PHM_CONFFACT_BILLING,WORK_BILLING_TRNSCT_HVD_PR_FTPSALEOUT,,POSNR_VBRP,STRING,4,,,,,TABLE,"target.POSNR_VBRP = source.POSNR_VBRP,","source.POSNR_VBRP,"
D1,D1_PHM_CONFFACT_BILLING,WORK_BILLING_TRNSCT_HVD_PR_FTPSALEOUT,,KUNNR_VBPA,STRING,5,,,,,TABLE,"target.KUNNR_VBPA = source.KUNNR_VBPA,","source.KUNNR_VBPA,"
D1,D1_PHM_CONFFACT_BILLING,WORK_BILLING_TRNSCT_HVD_PR_FTPSALEOUT,,BILLTO_KUNNR_VBPA,STRING,6,,,,,TABLE,"target.BILLTO_KUNNR_VBPA = source.BILLTO_KUNNR_VBPA,","source.BILLTO_KUNNR_VBPA,"
D1,D1_PHM_CONFFACT_BILLING,WORK_BILLING_TRNSCT_HVD_PR_FTPSALEOUT,,MATNR_MARA,STRING,7,,,,,TABLE,"target.MATNR_MARA = source.MATNR_MARA,","source.MATNR_MARA,"
D1,D1_PHM_CONFFACT_BILLING,WORK_BILLING_TRNSCT_HVD_PR_FTPSALEOUT,,IRM_PCBGP_VBRP,STRING,8,,,,,TABLE,"target.IRM_PCBGP_VBRP = source.IRM_PCBGP_VBRP,","source.IRM_PCBGP_VBRP,"
D1,D1_PHM_CONFFACT_BILLING,WORK_BILLING_TRNSCT_HVD_PR_FTPSALEOUT,,FKART_VBRK,STRING,9,,,,,TABLE,"target.FKART_VBRK = source.FKART_VBRK,","source.FKART_VBRK,"
D1,D1_PHM_CONFFACT_BILLING,WORK_BILLING_TRNSCT_HVD_PR_FTPSALEOUT,,PSTYV_VBRP,STRING,10,,,,,TABLE,"target.PSTYV_VBRP = source.PSTYV_VBRP,","source.PSTYV_VBRP,"
D1,D1_PHM_CONFFACT_BILLING,WORK_BILLING_TRNSCT_HVD_PR_FTPSALEOUT,,YYSELLPRICESTRAT_VBRP,STRING,11,,,,,TABLE,"target.YYSELLPRICESTRAT_VBRP = source.YYSELLPRICESTRAT_VBRP,","source.YYSELLPRICESTRAT_VBRP,"
D1,D1_PHM_CONFFACT_BILLING,WORK_BILLING_TRNSCT_HVD_PR_FTPSALEOUT,,BSARK_VBAK,STRING,12,,,,,TABLE,"target.BSARK_VBAK = source.BSARK_VBAK,","source.BSARK_VBAK,"
D1,D1_PHM_CONFFACT_BILLING,WORK_BILLING_TRNSCT_HVD_PR_FTPSALEOUT,,CALC_COGSMULTNUM,FLOAT64,13,,,,,TABLE,"target.CALC_COGSMULTNUM = source.CALC_COGSMULTNUM,","source.CALC_COGSMULTNUM,"
D1,D1_PHM_CONFFACT_BILLING,WORK_BILLING_TRNSCT_HVD_PR_FTPSALEOUT,,YYCOGSSTRAT_VBRP,STRING,14,,,,,TABLE,"target.YYCOGSSTRAT_VBRP = source.YYCOGSSTRAT_VBRP,","source.YYCOGSSTRAT_VBRP,"
D1,D1_PHM_CONFFACT_BILLING,WORK_BILLING_TRNSCT_HVD_PR_FTPSALEOUT,,INSPECTION_CODE_MSR_D_EXECUTED,STRING,15,,,,,TABLE,"target.INSPECTION_CODE_MSR_D_EXECUTED = source.INSPECTION_CODE_MSR_D_EXECUTED,","source.INSPECTION_CODE_MSR_D_EXECUTED,"
D1,D1_PHM_CONFFACT_BILLING,WORK_BILLING_TRNSCT_HVD_PR_FTPSALEOUT,,MATWA_VBRP,STRING,16,,,,,TABLE,"target.MATWA_VBRP = source.MATWA_VBRP,","source.MATWA_VBRP,"
D1,D1_PHM_CONFFACT_BILLING,WORK_BILLING_TRNSCT_HVD_PR_FTPSALEOUT,,YY222NUM_VBAK,STRING,17,,,,,TABLE,"target.YY222NUM_VBAK = source.YY222NUM_VBAK,","source.YY222NUM_VBAK,"
D1,D1_PHM_CONFFACT_BILLING,WORK_BILLING_TRNSCT_HVD_PR_FTPSALEOUT,,IRM_PCNUM_EXT_VBRP,STRING,18,,,,,TABLE,"target.IRM_PCNUM_EXT_VBRP = source.IRM_PCNUM_EXT_VBRP,","source.IRM_PCNUM_EXT_VBRP,"
D1,D1_PHM_CONFFACT_BILLING,WORK_BILLING_TRNSCT_HVD_PR_FTPSALEOUT,,CALC_AR_DUE_DTE,DATE,19,,,,,TABLE,"target.CALC_AR_DUE_DTE = source.CALC_AR_DUE_DTE,","source.CALC_AR_DUE_DTE,"
D1,D1_PHM_CONFFACT_BILLING,WORK_BILLING_TRNSCT_HVD_PR_FTPSALEOUT,,CALC_BSTKD_VBKD,STRING,20,,,,,TABLE,"target.CALC_BSTKD_VBKD = source.CALC_BSTKD_VBKD,","source.CALC_BSTKD_VBKD,"
D1,D1_PHM_CONFFACT_BILLING,WORK_BILLING_TRNSCT_HVD_PR_FTPSALEOUT,,CALC_EXT_SALE_COST_AMT,NUMERIC,21,,,,,TABLE,"target.CALC_EXT_SALE_COST_AMT = source.CALC_EXT_SALE_COST_AMT,","source.CALC_EXT_SALE_COST_AMT,"
D1,D1_PHM_CONFFACT_BILLING,WORK_BILLING_TRNSCT_HVD_PR_FTPSALEOUT,,CALC_EXT_NIFO_AMT,NUMERIC,22,,,,,TABLE,"target.CALC_EXT_NIFO_AMT = source.CALC_EXT_NIFO_AMT,","source.CALC_EXT_NIFO_AMT,"
D1,D1_PHM_CONFFACT_BILLING,WORK_BILLING_TRNSCT_HVD_PR_FTPSALEOUT,,CALC_EXT_SELL_AMT,NUMERIC,23,,,,,TABLE,"target.CALC_EXT_SELL_AMT = source.CALC_EXT_SELL_AMT,","source.CALC_EXT_SELL_AMT,"
D1,D1_PHM_CONFFACT_BILLING,WORK_BILLING_TRNSCT_HVD_PR_FTPSALEOUT,,NETWR_VBRP,NUMERIC,24,,,,,TABLE,"target.NETWR_VBRP = source.NETWR_VBRP,","source.NETWR_VBRP,"
D1,D1_PHM_CONFFACT_BILLING,WORK_BILLING_TRNSCT_HVD_PR_FTPSALEOUT,,CALC_UNIT_SELL_AMT,NUMERIC,25,,,,,TABLE,"target.CALC_UNIT_SELL_AMT = source.CALC_UNIT_SELL_AMT,","source.CALC_UNIT_SELL_AMT,"
D1,D1_PHM_CONFFACT_BILLING,WORK_BILLING_TRNSCT_HVD_PR_FTPSALEOUT,,CALC_UNIT_INVOICE_AMT,NUMERIC,26,,,,,TABLE,"target.CALC_UNIT_INVOICE_AMT = source.CALC_UNIT_INVOICE_AMT,","source.CALC_UNIT_INVOICE_AMT,"
D1,D1_PHM_CONFFACT_BILLING,WORK_BILLING_TRNSCT_HVD_PR_FTPSALEOUT,,CALC_EXT_RETAIL_PRICE_AMT,NUMERIC,27,,,,,TABLE,"target.CALC_EXT_RETAIL_PRICE_AMT = source.CALC_EXT_RETAIL_PRICE_AMT,","source.CALC_EXT_RETAIL_PRICE_AMT,"
D1,D1_PHM_CONFFACT_BILLING,WORK_BILLING_TRNSCT_HVD_PR_FTPSALEOUT,,FKIMG_VBRP,NUMERIC,28,,,,,TABLE,"target.FKIMG_VBRP = source.FKIMG_VBRP,","source.FKIMG_VBRP,"
D1,D1_PHM_CONFFACT_BILLING,WORK_BILLING_TRNSCT_HVD_PR_FTPSALEOUT,,KWMENG_VBAP,NUMERIC,29,,,,,TABLE,"target.KWMENG_VBAP = source.KWMENG_VBAP,","source.KWMENG_VBAP,"
D1,D1_PHM_CONFFACT_BILLING,WORK_BILLING_TRNSCT_HVD_PR_FTPSALEOUT,,CALC_QTY_MULT_NUM,INT64,30,,,,,TABLE,"target.CALC_QTY_MULT_NUM = source.CALC_QTY_MULT_NUM,","source.CALC_QTY_MULT_NUM,"
D1,D1_PHM_CONFFACT_BILLING,WORK_BILLING_TRNSCT_HVD_PR_FTPSALEOUT,,VBELN_VBAP,STRING,31,,,,,TABLE,"target.VBELN_VBAP = source.VBELN_VBAP,","source.VBELN_VBAP,"
D1,D1_PHM_CONFFACT_BILLING,WORK_BILLING_TRNSCT_HVD_PR_FTPSALEOUT,,POSNR_VBAP,STRING,32,,,,,TABLE,"target.POSNR_VBAP = source.POSNR_VBAP,","source.POSNR_VBAP,"
D1,D1_PHM_CONFFACT_BILLING,WORK_BILLING_TRNSCT_HVD_PR_FTPSALEOUT,,YYXBLNR_VBRP,STRING,33,,,,,TABLE,"target.YYXBLNR_VBRP = source.YYXBLNR_VBRP,","source.YYXBLNR_VBRP,"
D1,D1_PHM_CONFFACT_BILLING,WORK_BILLING_TRNSCT_HVD_PR_FTPSALEOUT,,YYORIGQTY_VBRP,NUMERIC,34,,,,,TABLE,"target.YYORIGQTY_VBRP = source.YYORIGQTY_VBRP,","source.YYORIGQTY_VBRP,"
D1,D1_PHM_CONFFACT_BILLING,WORK_BILLING_TRNSCT_HVD_PR_FTPSALEOUT,,YYORIGSELLPRICE_VBRP,NUMERIC,35,,,,,TABLE,"target.YYORIGSELLPRICE_VBRP = source.YYORIGSELLPRICE_VBRP,","source.YYORIGSELLPRICE_VBRP,"
D1,D1_PHM_CONFFACT_BILLING,WORK_BILLING_TRNSCT_HVD_PR_FTPSALEOUT,,CALC_ORIG_EXT_SELL_AMT,NUMERIC,36,,,,,TABLE,"target.CALC_ORIG_EXT_SELL_AMT = source.CALC_ORIG_EXT_SELL_AMT,","source.CALC_ORIG_EXT_SELL_AMT,"
D1,D1_PHM_CONFFACT_BILLING,WORK_BILLING_TRNSCT_HVD_PR_FTPSALEOUT,,CALC_ERDAT_VBAK,DATE,37,,,,,TABLE,"target.CALC_ERDAT_VBAK = source.CALC_ERDAT_VBAK,","source.CALC_ERDAT_VBAK,"
D1,D1_PHM_CONFFACT_BILLING,WORK_BILLING_TRNSCT_HVD_PR_FTPSALEOUT,,ERDAT_ORIG_VBRP,STRING,38,,,,,TABLE,"target.ERDAT_ORIG_VBRP = source.ERDAT_ORIG_VBRP,","source.ERDAT_ORIG_VBRP,"
D1,D1_PHM_CONFFACT_BILLING,WORK_BILLING_TRNSCT_HVD_PR_FTPSALEOUT,,ROW_ADD_STP,TIMESTAMP,39,,,,,TABLE,"target.ROW_ADD_STP = source.ROW_ADD_STP,","source.ROW_ADD_STP,"
D1,D1_PHM_CONFFACT_BILLING,WORK_BILLING_TRNSCT_HVD_PR_FTPSALEOUT,,ROW_ADD_USER_ID,STRING,40,,,,,TABLE,"target.ROW_ADD_USER_ID = source.ROW_ADD_USER_ID,","source.ROW_ADD_USER_ID,"
D1,D1_PHM_CONFFACT_BILLING,WORK_BILLING_TRNSCT_HVD_PR_FTPSALEOUT,,ROW_UPDATE_STP,TIMESTAMP,41,,,,,TABLE,"target.ROW_UPDATE_STP = source.ROW_UPDATE_STP,","source.ROW_UPDATE_STP,"
D1,D1_PHM_CONFFACT_BILLING,WORK_BILLING_TRNSCT_HVD_PR_FTPSALEOUT,,ROW_UPDATE_USER_ID,STRING,42,,,,,TABLE,"target.ROW_UPDATE_USER_ID = source.ROW_UPDATE_USER_ID,","source.ROW_UPDATE_USER_ID,"
D1,D1_PHM_CONFFACT_BILLING,WORK_BILLING_TRNSCT_HVD_PR_SDW,,CALC_FKDAT_VBRK,DATE,1,,,,,TABLE,"target.CALC_FKDAT_VBRK = source.CALC_FKDAT_VBRK,","source.CALC_FKDAT_VBRK,"
D1,D1_PHM_CONFFACT_BILLING,WORK_BILLING_TRNSCT_HVD_PR_SDW,,WERKS_VBRP,STRING,2,,,,,TABLE,"target.WERKS_VBRP = source.WERKS_VBRP,","source.WERKS_VBRP,"
D1,D1_PHM_CONFFACT_BILLING,WORK_BILLING_TRNSCT_HVD_PR_SDW,,VBELN_VBRP,STRING,3,,,,,TABLE,"target.VBELN_VBRP = source.VBELN_VBRP,","source.VBELN_VBRP,"
D1,D1_PHM_CONFFACT_BILLING,WORK_BILLING_TRNSCT_HVD_PR_SDW,,POSNR_VBRP,STRING,4,,,,,TABLE,"target.POSNR_VBRP = source.POSNR_VBRP,","source.POSNR_VBRP,"
D1,D1_PHM_CONFFACT_BILLING,WORK_BILLING_TRNSCT_HVD_PR_SDW,,BILLTO_KUNNR_VBPA,NUMERIC,5,,,,,TABLE,"target.BILLTO_KUNNR_VBPA = source.BILLTO_KUNNR_VBPA,","source.BILLTO_KUNNR_VBPA,"
D1,D1_PHM_CONFFACT_BILLING,WORK_BILLING_TRNSCT_HVD_PR_SDW,,KUNNR_VBPA,NUMERIC,6,,,,,TABLE,"target.KUNNR_VBPA = source.KUNNR_VBPA,","source.KUNNR_VBPA,"
D1,D1_PHM_CONFFACT_BILLING,WORK_BILLING_TRNSCT_HVD_PR_SDW,,MATNR_MARA,STRING,7,,,,,TABLE,"target.MATNR_MARA = source.MATNR_MARA,","source.MATNR_MARA,"
D1,D1_PHM_CONFFACT_BILLING,WORK_BILLING_TRNSCT_HVD_PR_SDW,,IRM_PCBGP_VBRP,STRING,8,,,,,TABLE,"target.IRM_PCBGP_VBRP = source.IRM_PCBGP_VBRP,","source.IRM_PCBGP_VBRP,"
D1,D1_PHM_CONFFACT_BILLING,WORK_BILLING_TRNSCT_HVD_PR_SDW,,FKART_VBRK,STRING,9,,,,,TABLE,"target.FKART_VBRK = source.FKART_VBRK,","source.FKART_VBRK,"
D1,D1_PHM_CONFFACT_BILLING,WORK_BILLING_TRNSCT_HVD_PR_SDW,,PSTYV_VBRP,STRING,10,,,,,TABLE,"target.PSTYV_VBRP = source.PSTYV_VBRP,","source.PSTYV_VBRP,"
D1,D1_PHM_CONFFACT_BILLING,WORK_BILLING_TRNSCT_HVD_PR_SDW,,CORP_ACCT_KEY_NUM,INT64,11,,,,,TABLE,"target.CORP_ACCT_KEY_NUM = source.CORP_ACCT_KEY_NUM,","source.CORP_ACCT_KEY_NUM,"
D1,D1_PHM_CONFFACT_BILLING,WORK_BILLING_TRNSCT_HVD_PR_SDW,,YYSELLPRICESTRAT_VBRP,STRING,12,,,,,TABLE,"target.YYSELLPRICESTRAT_VBRP = source.YYSELLPRICESTRAT_VBRP,","source.YYSELLPRICESTRAT_VBRP,"
D1,D1_PHM_CONFFACT_BILLING,WORK_BILLING_TRNSCT_HVD_PR_SDW,,BSARK_VBAK,STRING,13,,,,,TABLE,"target.BSARK_VBAK = source.BSARK_VBAK,","source.BSARK_VBAK,"
D1,D1_PHM_CONFFACT_BILLING,WORK_BILLING_TRNSCT_HVD_PR_SDW,,CALC_COGSMULTNUM,FLOAT64,14,,,,,TABLE,"target.CALC_COGSMULTNUM = source.CALC_COGSMULTNUM,","source.CALC_COGSMULTNUM,"
D1,D1_PHM_CONFFACT_BILLING,WORK_BILLING_TRNSCT_HVD_PR_SDW,,YYCOGSSTRAT_VBRP,STRING,15,,,,,TABLE,"target.YYCOGSSTRAT_VBRP = source.YYCOGSSTRAT_VBRP,","source.YYCOGSSTRAT_VBRP,"
D1,D1_PHM_CONFFACT_BILLING,WORK_BILLING_TRNSCT_HVD_PR_SDW,,INSPECTION_CODE_MSR_D_EXECUTED,INT64,16,,,,,TABLE,"target.INSPECTION_CODE_MSR_D_EXECUTED = source.INSPECTION_CODE_MSR_D_EXECUTED,","source.INSPECTION_CODE_MSR_D_EXECUTED,"
D1,D1_PHM_CONFFACT_BILLING,WORK_BILLING_TRNSCT_HVD_PR_SDW,,MATWA_VBRP,NUMERIC,17,,,,,TABLE,"target.MATWA_VBRP = source.MATWA_VBRP,","source.MATWA_VBRP,"
D1,D1_PHM_CONFFACT_BILLING,WORK_BILLING_TRNSCT_HVD_PR_SDW,,SALE_ORDER_222_FORM_NUM,STRING,18,,,,,TABLE,"target.SALE_ORDER_222_FORM_NUM = source.SALE_ORDER_222_FORM_NUM,","source.SALE_ORDER_222_FORM_NUM,"
D1,D1_PHM_CONFFACT_BILLING,WORK_BILLING_TRNSCT_HVD_PR_SDW,,IRM_PCNUM_EXT_VBRP,STRING,19,,,,,TABLE,"target.IRM_PCNUM_EXT_VBRP = source.IRM_PCNUM_EXT_VBRP,","source.IRM_PCNUM_EXT_VBRP,"
D1,D1_PHM_CONFFACT_BILLING,WORK_BILLING_TRNSCT_HVD_PR_SDW,,CALC_AR_DUE_DTE,DATE,20,,,,,TABLE,"target.CALC_AR_DUE_DTE = source.CALC_AR_DUE_DTE,","source.CALC_AR_DUE_DTE,"
D1,D1_PHM_CONFFACT_BILLING,WORK_BILLING_TRNSCT_HVD_PR_SDW,,CALC_BSARK_VBKD,STRING,21,,,,,TABLE,"target.CALC_BSARK_VBKD = source.CALC_BSARK_VBKD,","source.CALC_BSARK_VBKD,"
D1,D1_PHM_CONFFACT_BILLING,WORK_BILLING_TRNSCT_HVD_PR_SDW,,CALC_EXT_SALE_COST_AMT,NUMERIC,22,,,,,TABLE,"target.CALC_EXT_SALE_COST_AMT = source.CALC_EXT_SALE_COST_AMT,","source.CALC_EXT_SALE_COST_AMT,"
D1,D1_PHM_CONFFACT_BILLING,WORK_BILLING_TRNSCT_HVD_PR_SDW,,CALC_EXT_NIFO_AMT,NUMERIC,23,,,,,TABLE,"target.CALC_EXT_NIFO_AMT = source.CALC_EXT_NIFO_AMT,","source.CALC_EXT_NIFO_AMT,"
D1,D1_PHM_CONFFACT_BILLING,WORK_BILLING_TRNSCT_HVD_PR_SDW,,CALC_EXT_SELL_AMT,NUMERIC,24,,,,,TABLE,"target.CALC_EXT_SELL_AMT = source.CALC_EXT_SELL_AMT,","source.CALC_EXT_SELL_AMT,"
D1,D1_PHM_CONFFACT_BILLING,WORK_BILLING_TRNSCT_HVD_PR_SDW,,NETWR_VBRP,NUMERIC,25,,,,,TABLE,"target.NETWR_VBRP = source.NETWR_VBRP,","source.NETWR_VBRP,"
D1,D1_PHM_CONFFACT_BILLING,WORK_BILLING_TRNSCT_HVD_PR_SDW,,CALC_UNIT_SELL_AMT,NUMERIC,26,,,,,TABLE,"target.CALC_UNIT_SELL_AMT = source.CALC_UNIT_SELL_AMT,","source.CALC_UNIT_SELL_AMT,"
D1,D1_PHM_CONFFACT_BILLING,WORK_BILLING_TRNSCT_HVD_PR_SDW,,CALC_UNIT_INVOICE_AMT,NUMERIC,27,,,,,TABLE,"target.CALC_UNIT_INVOICE_AMT = source.CALC_UNIT_INVOICE_AMT,","source.CALC_UNIT_INVOICE_AMT,"
D1,D1_PHM_CONFFACT_BILLING,WORK_BILLING_TRNSCT_HVD_PR_SDW,,CALC_EXT_RETAIL_PRICE_AMT,NUMERIC,28,,,,,TABLE,"target.CALC_EXT_RETAIL_PRICE_AMT = source.CALC_EXT_RETAIL_PRICE_AMT,","source.CALC_EXT_RETAIL_PRICE_AMT,"
D1,D1_PHM_CONFFACT_BILLING,WORK_BILLING_TRNSCT_HVD_PR_SDW,,FKIMG_VBRP,NUMERIC,29,,,,,TABLE,"target.FKIMG_VBRP = source.FKIMG_VBRP,","source.FKIMG_VBRP,"
D1,D1_PHM_CONFFACT_BILLING,WORK_BILLING_TRNSCT_HVD_PR_SDW,,KWMENG_VBAP,NUMERIC,30,,,,,TABLE,"target.KWMENG_VBAP = source.KWMENG_VBAP,","source.KWMENG_VBAP,"
D1,D1_PHM_CONFFACT_BILLING,WORK_BILLING_TRNSCT_HVD_PR_SDW,,CALC_QTY_MULT_NUM,NUMERIC,31,,,,,TABLE,"target.CALC_QTY_MULT_NUM = source.CALC_QTY_MULT_NUM,","source.CALC_QTY_MULT_NUM,"
D1,D1_PHM_CONFFACT_BILLING,WORK_BILLING_TRNSCT_HVD_PR_SDW,,CALC_EXT_BASE_PRICE_AMT,NUMERIC,32,,,,,TABLE,"target.CALC_EXT_BASE_PRICE_AMT = source.CALC_EXT_BASE_PRICE_AMT,","source.CALC_EXT_BASE_PRICE_AMT,"
D1,D1_PHM_CONFFACT_BILLING,WORK_BILLING_TRNSCT_HVD_PR_SDW,,KBETR_BASE_PRICE,NUMERIC,33,,,,,TABLE,"target.KBETR_BASE_PRICE = source.KBETR_BASE_PRICE,","source.KBETR_BASE_PRICE,"
D1,D1_PHM_CONFFACT_BILLING,WORK_BILLING_TRNSCT_HVD_PR_SDW,,VBELN_VBAP,STRING,34,,,,,TABLE,"target.VBELN_VBAP = source.VBELN_VBAP,","source.VBELN_VBAP,"
D1,D1_PHM_CONFFACT_BILLING,WORK_BILLING_TRNSCT_HVD_PR_SDW,,POSNR_VBAP,STRING,35,,,,,TABLE,"target.POSNR_VBAP = source.POSNR_VBAP,","source.POSNR_VBAP,"
D1,D1_PHM_CONFFACT_BILLING,WORK_BILLING_TRNSCT_HVD_PR_SDW,,YYXBLNR_VBRP,NUMERIC,36,,,,,TABLE,"target.YYXBLNR_VBRP = source.YYXBLNR_VBRP,","source.YYXBLNR_VBRP,"
D1,D1_PHM_CONFFACT_BILLING,WORK_BILLING_TRNSCT_HVD_PR_SDW,,YYORIGQTY_VBRP,NUMERIC,37,,,,,TABLE,"target.YYORIGQTY_VBRP = source.YYORIGQTY_VBRP,","source.YYORIGQTY_VBRP,"
D1,D1_PHM_CONFFACT_BILLING,WORK_BILLING_TRNSCT_HVD_PR_SDW,,YYORIGSELLPRICE_VBRP,NUMERIC,38,,,,,TABLE,"target.YYORIGSELLPRICE_VBRP = source.YYORIGSELLPRICE_VBRP,","source.YYORIGSELLPRICE_VBRP,"
D1,D1_PHM_CONFFACT_BILLING,WORK_BILLING_TRNSCT_HVD_PR_SDW,,CALC_ORIG_EXT_SELL_AMT,NUMERIC,39,,,,,TABLE,"target.CALC_ORIG_EXT_SELL_AMT = source.CALC_ORIG_EXT_SELL_AMT,","source.CALC_ORIG_EXT_SELL_AMT,"
D1,D1_PHM_CONFFACT_BILLING,WORK_BILLING_TRNSCT_HVD_PR_SDW,,CALC_ERDAT_VBAK,DATE,40,,,,,TABLE,"target.CALC_ERDAT_VBAK = source.CALC_ERDAT_VBAK,","source.CALC_ERDAT_VBAK,"
D1,D1_PHM_CONFFACT_BILLING,WORK_BILLING_TRNSCT_HVD_PR_SDW,,ERDAT_ORIG_VBRP,STRING,41,,,,,TABLE,"target.ERDAT_ORIG_VBRP = source.ERDAT_ORIG_VBRP,","source.ERDAT_ORIG_VBRP,"
D1,D1_PHM_CONFFACT_BILLING,WORK_BILLING_TRNSCT_HVD_PR_SDW,,AUGRU_AUFT_VBRP,INT64,42,,,,,TABLE,"target.AUGRU_AUFT_VBRP = source.AUGRU_AUFT_VBRP,","source.AUGRU_AUFT_VBRP,"
D1,D1_PHM_CONFFACT_BILLING,WORK_BILLING_TRNSCT_HVD_PR_SDW,,ROW_ADD_STP,TIMESTAMP,43,,,,,TABLE,"target.ROW_ADD_STP = source.ROW_ADD_STP,","source.ROW_ADD_STP,"
D1,D1_PHM_CONFFACT_BILLING,WORK_BILLING_TRNSCT_HVD_PR_SDW,,ROW_ADD_USER_ID,STRING,44,,,,,TABLE,"target.ROW_ADD_USER_ID = source.ROW_ADD_USER_ID,","source.ROW_ADD_USER_ID,"
D1,D1_PHM_CONFFACT_BILLING,WORK_BILLING_TRNSCT_HVD_PR_SDW,,ROW_UPDATE_STP,TIMESTAMP,45,,,,,TABLE,"target.ROW_UPDATE_STP = source.ROW_UPDATE_STP,","source.ROW_UPDATE_STP,"
D1,D1_PHM_CONFFACT_BILLING,WORK_BILLING_TRNSCT_HVD_PR_SDW,,ROW_UPDATE_USER_ID,STRING,46,,,,,TABLE,"target.ROW_UPDATE_USER_ID = source.ROW_UPDATE_USER_ID,","source.ROW_UPDATE_USER_ID,"
D1,D1_PHM_CONFFACT_BILLING,WORK_HVD_PR_FTPSALEOUT,,FTP_SRC,STRING,1,,,,,TABLE,"target.FTP_SRC = source.FTP_SRC,","source.FTP_SRC,"
D1,D1_PHM_CONFFACT_BILLING,WORK_HVD_PR_FTPSALEOUT,,AR_DUE_DTE,DATE,2,,,,,TABLE,"target.AR_DUE_DTE = source.AR_DUE_DTE,","source.AR_DUE_DTE,"
D1,D1_PHM_CONFFACT_BILLING,WORK_HVD_PR_FTPSALEOUT,,ACCOUNTING_CD,STRING,3,,,,,TABLE,"target.ACCOUNTING_CD = source.ACCOUNTING_CD,","source.ACCOUNTING_CD,"
D1,D1_PHM_CONFFACT_BILLING,WORK_HVD_PR_FTPSALEOUT,,ASSOCIATION_NUM,STRING,4,,,,,TABLE,"target.ASSOCIATION_NUM = source.ASSOCIATION_NUM,","source.ASSOCIATION_NUM,"
D1,D1_PHM_CONFFACT_BILLING,WORK_HVD_PR_FTPSALEOUT,,BILL_TO_CUST_NUM,STRING,5,,,,,TABLE,"target.BILL_TO_CUST_NUM = source.BILL_TO_CUST_NUM,","source.BILL_TO_CUST_NUM,"
D1,D1_PHM_CONFFACT_BILLING,WORK_HVD_PR_FTPSALEOUT,,CARRIER,STRING,6,,,,,TABLE,"target.CARRIER = source.CARRIER,","source.CARRIER,"
D1,D1_PHM_CONFFACT_BILLING,WORK_HVD_PR_FTPSALEOUT,,CHARGEBACK_FLG,STRING,7,,,,,TABLE,"target.CHARGEBACK_FLG = source.CHARGEBACK_FLG,","source.CHARGEBACK_FLG,"
D1,D1_PHM_CONFFACT_BILLING,WORK_HVD_PR_FTPSALEOUT,,CHECK_OVERRIDE_IND,STRING,8,,,,,TABLE,"target.CHECK_OVERRIDE_IND = source.CHECK_OVERRIDE_IND,","source.CHECK_OVERRIDE_IND,"
D1,D1_PHM_CONFFACT_BILLING,WORK_HVD_PR_FTPSALEOUT,,SPLIT_CD,STRING,9,,,,,TABLE,"target.SPLIT_CD = source.SPLIT_CD,","source.SPLIT_CD,"
D1,D1_PHM_CONFFACT_BILLING,WORK_HVD_PR_FTPSALEOUT,,COGS_INDICATOR,STRING,10,,,,,TABLE,"target.COGS_INDICATOR = source.COGS_INDICATOR,","source.COGS_INDICATOR,"
D1,D1_PHM_CONFFACT_BILLING,WORK_HVD_PR_FTPSALEOUT,,CONFIRMATION_NUM,STRING,11,,,,,TABLE,"target.CONFIRMATION_NUM = source.CONFIRMATION_NUM,","source.CONFIRMATION_NUM,"
D1,D1_PHM_CONFFACT_BILLING,WORK_HVD_PR_FTPSALEOUT,,CONTRACT_FLG,STRING,12,,,,,TABLE,"target.CONTRACT_FLG = source.CONTRACT_FLG,","source.CONTRACT_FLG,"
D1,D1_PHM_CONFFACT_BILLING,WORK_HVD_PR_FTPSALEOUT,,CREATION_DTE,DATE,13,,,,,TABLE,"target.CREATION_DTE = source.CREATION_DTE,","source.CREATION_DTE,"
D1,D1_PHM_CONFFACT_BILLING,WORK_HVD_PR_FTPSALEOUT,,CREDIT_DISPOSITION_CD,STRING,14,,,,,TABLE,"target.CREDIT_DISPOSITION_CD = source.CREDIT_DISPOSITION_CD,","source.CREDIT_DISPOSITION_CD,"
D1,D1_PHM_CONFFACT_BILLING,WORK_HVD_PR_FTPSALEOUT,,CREDIT_MEMO_NUM,STRING,15,,,,,TABLE,"target.CREDIT_MEMO_NUM = source.CREDIT_MEMO_NUM,","source.CREDIT_MEMO_NUM,"
D1,D1_PHM_CONFFACT_BILLING,WORK_HVD_PR_FTPSALEOUT,,CREDIT_REASON_CD,STRING,16,,,,,TABLE,"target.CREDIT_REASON_CD = source.CREDIT_REASON_CD,","source.CREDIT_REASON_CD,"
D1,D1_PHM_CONFFACT_BILLING,WORK_HVD_PR_FTPSALEOUT,,CUST_ACCT_CD,STRING,17,,,,,TABLE,"target.CUST_ACCT_CD = source.CUST_ACCT_CD,","source.CUST_ACCT_CD,"
D1,D1_PHM_CONFFACT_BILLING,WORK_HVD_PR_FTPSALEOUT,,CUST_RETURN_GROUP,STRING,18,,,,,TABLE,"target.CUST_RETURN_GROUP = source.CUST_RETURN_GROUP,","source.CUST_RETURN_GROUP,"
D1,D1_PHM_CONFFACT_BILLING,WORK_HVD_PR_FTPSALEOUT,,CUST_PO_NUM,STRING,19,,,,,TABLE,"target.CUST_PO_NUM = source.CUST_PO_NUM,","source.CUST_PO_NUM,"
D1,D1_PHM_CONFFACT_BILLING,WORK_HVD_PR_FTPSALEOUT,,CUST_RETAIL_PRICE_AMT,NUMERIC,20,,,,,TABLE,"target.CUST_RETAIL_PRICE_AMT = source.CUST_RETAIL_PRICE_AMT,","source.CUST_RETAIL_PRICE_AMT,"
D1,D1_PHM_CONFFACT_BILLING,WORK_HVD_PR_FTPSALEOUT,,DEA_BLANK_NUM,STRING,21,,,,,TABLE,"target.DEA_BLANK_NUM = source.DEA_BLANK_NUM,","source.DEA_BLANK_NUM,"
D1,D1_PHM_CONFFACT_BILLING,WORK_HVD_PR_FTPSALEOUT,,DIVISION_NUM,STRING,22,,,,,TABLE,"target.DIVISION_NUM = source.DIVISION_NUM,","source.DIVISION_NUM,"
D1,D1_PHM_CONFFACT_BILLING,WORK_HVD_PR_FTPSALEOUT,,ELAPSED_TIME,NUMERIC,23,,,,,TABLE,"target.ELAPSED_TIME = source.ELAPSED_TIME,","source.ELAPSED_TIME,"
D1,D1_PHM_CONFFACT_BILLING,WORK_HVD_PR_FTPSALEOUT,,HB585_FLG,STRING,24,,,,,TABLE,"target.HB585_FLG = source.HB585_FLG,","source.HB585_FLG,"
D1,D1_PHM_CONFFACT_BILLING,WORK_HVD_PR_FTPSALEOUT,,INVOICE_DTE,DATE,25,,,,,TABLE,"target.INVOICE_DTE = source.INVOICE_DTE,","source.INVOICE_DTE,"
D1,D1_PHM_CONFFACT_BILLING,WORK_HVD_PR_FTPSALEOUT,,INVOICE_NUM,STRING,26,,,,,TABLE,"target.INVOICE_NUM = source.INVOICE_NUM,","source.INVOICE_NUM,"
D1,D1_PHM_CONFFACT_BILLING,WORK_HVD_PR_FTPSALEOUT,,ORIGINAL_INVOICE_NUM,STRING,27,,,,,TABLE,"target.ORIGINAL_INVOICE_NUM = source.ORIGINAL_INVOICE_NUM,","source.ORIGINAL_INVOICE_NUM,"
D1,D1_PHM_CONFFACT_BILLING,WORK_HVD_PR_FTPSALEOUT,,INVOICE_ITEM_NUM,INT64,28,,,,,TABLE,"target.INVOICE_ITEM_NUM = source.INVOICE_ITEM_NUM,","source.INVOICE_ITEM_NUM,"
D1,D1_PHM_CONFFACT_BILLING,WORK_HVD_PR_FTPSALEOUT,,INVOICE_ITEM_NUM_FTP_RANK,INT64,29,,,,,TABLE,"target.INVOICE_ITEM_NUM_FTP_RANK = source.INVOICE_ITEM_NUM_FTP_RANK,","source.INVOICE_ITEM_NUM_FTP_RANK,"
D1,D1_PHM_CONFFACT_BILLING,WORK_HVD_PR_FTPSALEOUT,,INVOICE_LINE_NUM_SDW_MAX,STRING,30,,,,,TABLE,"target.INVOICE_LINE_NUM_SDW_MAX = source.INVOICE_LINE_NUM_SDW_MAX,","source.INVOICE_LINE_NUM_SDW_MAX,"
D1,D1_PHM_CONFFACT_BILLING,WORK_HVD_PR_FTPSALEOUT,,MTRL_NUM,STRING,31,,,,,TABLE,"target.MTRL_NUM = source.MTRL_NUM,","source.MTRL_NUM,"
D1,D1_PHM_CONFFACT_BILLING,WORK_HVD_PR_FTPSALEOUT,,LIMIT_CD,STRING,32,,,,,TABLE,"target.LIMIT_CD = source.LIMIT_CD,","source.LIMIT_CD,"
D1,D1_PHM_CONFFACT_BILLING,WORK_HVD_PR_FTPSALEOUT,,MANUFACTURE_OVR_FLG,STRING,33,,,,,TABLE,"target.MANUFACTURE_OVR_FLG = source.MANUFACTURE_OVR_FLG,","source.MANUFACTURE_OVR_FLG,"
D1,D1_PHM_CONFFACT_BILLING,WORK_HVD_PR_FTPSALEOUT,,MRA_CREATED_BY,STRING,34,,,,,TABLE,"target.MRA_CREATED_BY = source.MRA_CREATED_BY,","source.MRA_CREATED_BY,"
D1,D1_PHM_CONFFACT_BILLING,WORK_HVD_PR_FTPSALEOUT,,MRA_DTE,DATE,35,,,,,TABLE,"target.MRA_DTE = source.MRA_DTE,","source.MRA_DTE,"
D1,D1_PHM_CONFFACT_BILLING,WORK_HVD_PR_FTPSALEOUT,,NIFO_AMT,NUMERIC,36,,,,,TABLE,"target.NIFO_AMT = source.NIFO_AMT,","source.NIFO_AMT,"
D1,D1_PHM_CONFFACT_BILLING,WORK_HVD_PR_FTPSALEOUT,,ORDER_DTE,DATE,37,,,,,TABLE,"target.ORDER_DTE = source.ORDER_DTE,","source.ORDER_DTE,"
D1,D1_PHM_CONFFACT_BILLING,WORK_HVD_PR_FTPSALEOUT,,ORDER_ENTRY_METHOD,STRING,38,,,,,TABLE,"target.ORDER_ENTRY_METHOD = source.ORDER_ENTRY_METHOD,","source.ORDER_ENTRY_METHOD,"
D1,D1_PHM_CONFFACT_BILLING,WORK_HVD_PR_FTPSALEOUT,,ORDER_NUM,STRING,39,,,,,TABLE,"target.ORDER_NUM = source.ORDER_NUM,","source.ORDER_NUM,"
D1,D1_PHM_CONFFACT_BILLING,WORK_HVD_PR_FTPSALEOUT,,ORIGINAL_CONTRACT_GROUP,STRING,40,,,,,TABLE,"target.ORIGINAL_CONTRACT_GROUP = source.ORIGINAL_CONTRACT_GROUP,","source.ORIGINAL_CONTRACT_GROUP,"
D1,D1_PHM_CONFFACT_BILLING,WORK_HVD_PR_FTPSALEOUT,,ORIGINAL_COST_AMT,NUMERIC,41,,,,,TABLE,"target.ORIGINAL_COST_AMT = source.ORIGINAL_COST_AMT,","source.ORIGINAL_COST_AMT,"
D1,D1_PHM_CONFFACT_BILLING,WORK_HVD_PR_FTPSALEOUT,,ORIGINAL_INV_DTE,DATE,42,,,,,TABLE,"target.ORIGINAL_INV_DTE = source.ORIGINAL_INV_DTE,","source.ORIGINAL_INV_DTE,"
D1,D1_PHM_CONFFACT_BILLING,WORK_HVD_PR_FTPSALEOUT,,ORIGINAL_ITEM_NUM,STRING,43,,,,,TABLE,"target.ORIGINAL_ITEM_NUM = source.ORIGINAL_ITEM_NUM,","source.ORIGINAL_ITEM_NUM,"
D1,D1_PHM_CONFFACT_BILLING,WORK_HVD_PR_FTPSALEOUT,,ORIGINAL_ORDER_QTY,NUMERIC,44,,,,,TABLE,"target.ORIGINAL_ORDER_QTY = source.ORIGINAL_ORDER_QTY,","source.ORIGINAL_ORDER_QTY,"
D1,D1_PHM_CONFFACT_BILLING,WORK_HVD_PR_FTPSALEOUT,,ORIGINAL_SELL_AMT,NUMERIC,45,,,,,TABLE,"target.ORIGINAL_SELL_AMT = source.ORIGINAL_SELL_AMT,","source.ORIGINAL_SELL_AMT,"
D1,D1_PHM_CONFFACT_BILLING,WORK_HVD_PR_FTPSALEOUT,,OVERRIDE_CD,STRING,46,,,,,TABLE,"target.OVERRIDE_CD = source.OVERRIDE_CD,","source.OVERRIDE_CD,"
D1,D1_PHM_CONFFACT_BILLING,WORK_HVD_PR_FTPSALEOUT,,PEDIGREE_FLG,STRING,47,,,,,TABLE,"target.PEDIGREE_FLG = source.PEDIGREE_FLG,","source.PEDIGREE_FLG,"
D1,D1_PHM_CONFFACT_BILLING,WORK_HVD_PR_FTPSALEOUT,,PO_LINE_NUM,STRING,48,,,,,TABLE,"target.PO_LINE_NUM = source.PO_LINE_NUM,","source.PO_LINE_NUM,"
D1,D1_PHM_CONFFACT_BILLING,WORK_HVD_PR_FTPSALEOUT,,PRICE_AMT,NUMERIC,49,,,,,TABLE,"target.PRICE_AMT = source.PRICE_AMT,","source.PRICE_AMT,"
D1,D1_PHM_CONFFACT_BILLING,WORK_HVD_PR_FTPSALEOUT,,PRICE_OVERRIDE_FLG,STRING,50,,,,,TABLE,"target.PRICE_OVERRIDE_FLG = source.PRICE_OVERRIDE_FLG,","source.PRICE_OVERRIDE_FLG,"
D1,D1_PHM_CONFFACT_BILLING,WORK_HVD_PR_FTPSALEOUT,,PRICING_SCHEME,STRING,51,,,,,TABLE,"target.PRICING_SCHEME = source.PRICING_SCHEME,","source.PRICING_SCHEME,"
D1,D1_PHM_CONFFACT_BILLING,WORK_HVD_PR_FTPSALEOUT,,ORDERED_QTY,NUMERIC,52,,,,,TABLE,"target.ORDERED_QTY = source.ORDERED_QTY,","source.ORDERED_QTY,"
D1,D1_PHM_CONFFACT_BILLING,WORK_HVD_PR_FTPSALEOUT,,SHIPPING_QTY,NUMERIC,53,,,,,TABLE,"target.SHIPPING_QTY = source.SHIPPING_QTY,","source.SHIPPING_QTY,"
D1,D1_PHM_CONFFACT_BILLING,WORK_HVD_PR_FTPSALEOUT,,RESTOCK_FEE_AMT,NUMERIC,54,,,,,TABLE,"target.RESTOCK_FEE_AMT = source.RESTOCK_FEE_AMT,","source.RESTOCK_FEE_AMT,"
D1,D1_PHM_CONFFACT_BILLING,WORK_HVD_PR_FTPSALEOUT,,RESTOCK_FEE_CIN,STRING,55,,,,,TABLE,"target.RESTOCK_FEE_CIN = source.RESTOCK_FEE_CIN,","source.RESTOCK_FEE_CIN,"
D1,D1_PHM_CONFFACT_BILLING,WORK_HVD_PR_FTPSALEOUT,,RESTOCK_FEE_PCT,INT64,56,,,,,TABLE,"target.RESTOCK_FEE_PCT = source.RESTOCK_FEE_PCT,","source.RESTOCK_FEE_PCT,"
D1,D1_PHM_CONFFACT_BILLING,WORK_HVD_PR_FTPSALEOUT,,RETURN_FEE_PCT,INT64,57,,,,,TABLE,"target.RETURN_FEE_PCT = source.RETURN_FEE_PCT,","source.RETURN_FEE_PCT,"
D1,D1_PHM_CONFFACT_BILLING,WORK_HVD_PR_FTPSALEOUT,,RETURN_ID,STRING,58,,,,,TABLE,"target.RETURN_ID = source.RETURN_ID,","source.RETURN_ID,"
D1,D1_PHM_CONFFACT_BILLING,WORK_HVD_PR_FTPSALEOUT,,SELL_COST_AMT,NUMERIC,59,,,,,TABLE,"target.SELL_COST_AMT = source.SELL_COST_AMT,","source.SELL_COST_AMT,"
D1,D1_PHM_CONFFACT_BILLING,WORK_HVD_PR_FTPSALEOUT,,SHIP_METHOD,STRING,60,,,,,TABLE,"target.SHIP_METHOD = source.SHIP_METHOD,","source.SHIP_METHOD,"
D1,D1_PHM_CONFFACT_BILLING,WORK_HVD_PR_FTPSALEOUT,,SHIP_TO_CUST_NUM,STRING,61,,,,,TABLE,"target.SHIP_TO_CUST_NUM = source.SHIP_TO_CUST_NUM,","source.SHIP_TO_CUST_NUM,"
D1,D1_PHM_CONFFACT_BILLING,WORK_HVD_PR_FTPSALEOUT,,SPECIAL_FEE_DLR,NUMERIC,62,,,,,TABLE,"target.SPECIAL_FEE_DLR = source.SPECIAL_FEE_DLR,","source.SPECIAL_FEE_DLR,"
D1,D1_PHM_CONFFACT_BILLING,WORK_HVD_PR_FTPSALEOUT,,SPECIAL_FEE_PCT,INT64,63,,,,,TABLE,"target.SPECIAL_FEE_PCT = source.SPECIAL_FEE_PCT,","source.SPECIAL_FEE_PCT,"
D1,D1_PHM_CONFFACT_BILLING,WORK_HVD_PR_FTPSALEOUT,,SPECIAL_FLG,STRING,64,,,,,TABLE,"target.SPECIAL_FLG = source.SPECIAL_FLG,","source.SPECIAL_FLG,"
D1,D1_PHM_CONFFACT_BILLING,WORK_HVD_PR_FTPSALEOUT,,TRANSACTION_TYPE,STRING,65,,,,,TABLE,"target.TRANSACTION_TYPE = source.TRANSACTION_TYPE,","source.TRANSACTION_TYPE,"
D1,D1_PHM_CONFFACT_BILLING,WORK_HVD_PR_FTPSALEOUT,,UNIT_COST_AMT,NUMERIC,66,,,,,TABLE,"target.UNIT_COST_AMT = source.UNIT_COST_AMT,","source.UNIT_COST_AMT,"
D1,D1_PHM_CONFFACT_BILLING,WORK_HVD_PR_FTPSALEOUT,,UNIT_COST_OF_SALE_AMT,NUMERIC,67,,,,,TABLE,"target.UNIT_COST_OF_SALE_AMT = source.UNIT_COST_OF_SALE_AMT,","source.UNIT_COST_OF_SALE_AMT,"
D1,D1_PHM_CONFFACT_BILLING,WORK_HVD_PR_FTPSALEOUT,,UNIT_INVOICE_AMT,NUMERIC,68,,,,,TABLE,"target.UNIT_INVOICE_AMT = source.UNIT_INVOICE_AMT,","source.UNIT_INVOICE_AMT,"
D1,D1_PHM_CONFFACT_BILLING,WORK_HVD_PR_FTPSALEOUT,,UNIT_NET_SELL_AMT,NUMERIC,69,,,,,TABLE,"target.UNIT_NET_SELL_AMT = source.UNIT_NET_SELL_AMT,","source.UNIT_NET_SELL_AMT,"
D1,D1_PHM_CONFFACT_BILLING,WORK_HVD_PR_FTPSALEOUT,,UNIT_NET_SELL_AMT_2,NUMERIC,70,,,,,TABLE,"target.UNIT_NET_SELL_AMT_2 = source.UNIT_NET_SELL_AMT_2,","source.UNIT_NET_SELL_AMT_2,"
D1,D1_PHM_CONFFACT_BILLING,WORK_HVD_PR_FTPSALEOUT,,UNIT_PROMO_COST_AMT,NUMERIC,71,,,,,TABLE,"target.UNIT_PROMO_COST_AMT = source.UNIT_PROMO_COST_AMT,","source.UNIT_PROMO_COST_AMT,"
D1,D1_PHM_CONFFACT_BILLING,WORK_HVD_PR_FTPSALEOUT,,VENDOR_CONTRACT_NUM,STRING,72,,,,,TABLE,"target.VENDOR_CONTRACT_NUM = source.VENDOR_CONTRACT_NUM,","source.VENDOR_CONTRACT_NUM,"
D1,D1_PHM_CONFFACT_BILLING,WORK_HVD_PR_FTPSALEOUT,,ROW_ADD_STP,TIMESTAMP,73,,,,,TABLE,"target.ROW_ADD_STP = source.ROW_ADD_STP,","source.ROW_ADD_STP,"
D1,D1_PHM_CONFFACT_BILLING,WORK_HVD_PR_FTPSALEOUT,,ROW_ADD_USER_ID,STRING,74,,,,,TABLE,"target.ROW_ADD_USER_ID = source.ROW_ADD_USER_ID,","source.ROW_ADD_USER_ID,"
D1,D1_PHM_CONFFACT_BILLING,WORK_HVD_PR_FTPSALEOUT,,ROW_UPDATE_STP,TIMESTAMP,75,,,,,TABLE,"target.ROW_UPDATE_STP = source.ROW_UPDATE_STP,","source.ROW_UPDATE_STP,"
D1,D1_PHM_CONFFACT_BILLING,WORK_HVD_PR_FTPSALEOUT,,ROW_UPDATE_USER_ID,STRING,76,,,,,TABLE,"target.ROW_UPDATE_USER_ID = source.ROW_UPDATE_USER_ID,","source.ROW_UPDATE_USER_ID,"
D1,D1_PHM_CONFFACT_BILLING,WORK_HVD_PR_INVOICE_LINE,,INVOICE_DTE,DATE,1,,,,,TABLE,"target.INVOICE_DTE = source.INVOICE_DTE,","source.INVOICE_DTE,"
D1,D1_PHM_CONFFACT_BILLING,WORK_HVD_PR_INVOICE_LINE,,DTE_KEY_NUM,INT64,2,,,,,TABLE,"target.DTE_KEY_NUM = source.DTE_KEY_NUM,","source.DTE_KEY_NUM,"
D1,D1_PHM_CONFFACT_BILLING,WORK_HVD_PR_INVOICE_LINE,,DIST_CENTER_KEY_NUM,INT64,3,,,,,TABLE,"target.DIST_CENTER_KEY_NUM = source.DIST_CENTER_KEY_NUM,","source.DIST_CENTER_KEY_NUM,"
D1,D1_PHM_CONFFACT_BILLING,WORK_HVD_PR_INVOICE_LINE,,INVOICE_NUM,NUMERIC,4,,,,,TABLE,"target.INVOICE_NUM = source.INVOICE_NUM,","source.INVOICE_NUM,"
D1,D1_PHM_CONFFACT_BILLING,WORK_HVD_PR_INVOICE_LINE,,INVOICE_LINE_NUM,INT64,5,,,,,TABLE,"target.INVOICE_LINE_NUM = source.INVOICE_LINE_NUM,","source.INVOICE_LINE_NUM,"
D1,D1_PHM_CONFFACT_BILLING,WORK_HVD_PR_INVOICE_LINE,,ACCT_KEY_NUM,INT64,6,,,,,TABLE,"target.ACCT_KEY_NUM = source.ACCT_KEY_NUM,","source.ACCT_KEY_NUM,"
D1,D1_PHM_CONFFACT_BILLING,WORK_HVD_PR_INVOICE_LINE,,PROD_KEY_NUM,INT64,7,,,,,TABLE,"target.PROD_KEY_NUM = source.PROD_KEY_NUM,","source.PROD_KEY_NUM,"
D1,D1_PHM_CONFFACT_BILLING,WORK_HVD_PR_INVOICE_LINE,,CNTRCT_GROUP_KEY_NUM,INT64,8,,,,,TABLE,"target.CNTRCT_GROUP_KEY_NUM = source.CNTRCT_GROUP_KEY_NUM,","source.CNTRCT_GROUP_KEY_NUM,"
D1,D1_PHM_CONFFACT_BILLING,WORK_HVD_PR_INVOICE_LINE,,PROG_KEY_NUM,INT64,9,,,,,TABLE,"target.PROG_KEY_NUM = source.PROG_KEY_NUM,","source.PROG_KEY_NUM,"
D1,D1_PHM_CONFFACT_BILLING,WORK_HVD_PR_INVOICE_LINE,,TRNSCT_TYPE_KEY_NUM,INT64,10,,,,,TABLE,"target.TRNSCT_TYPE_KEY_NUM = source.TRNSCT_TYPE_KEY_NUM,","source.TRNSCT_TYPE_KEY_NUM,"
D1,D1_PHM_CONFFACT_BILLING,WORK_HVD_PR_INVOICE_LINE,,CORP_ACCT_KEY_NUM,INT64,11,,,,,TABLE,"target.CORP_ACCT_KEY_NUM = source.CORP_ACCT_KEY_NUM,","source.CORP_ACCT_KEY_NUM,"
D1,D1_PHM_CONFFACT_BILLING,WORK_HVD_PR_INVOICE_LINE,,FLG_KEY_NUM,INT64,12,,,,,TABLE,"target.FLG_KEY_NUM = source.FLG_KEY_NUM,","source.FLG_KEY_NUM,"
D1,D1_PHM_CONFFACT_BILLING,WORK_HVD_PR_INVOICE_LINE,,SHRT_REASON_KEY_NUM,INT64,13,,,,,TABLE,"target.SHRT_REASON_KEY_NUM = source.SHRT_REASON_KEY_NUM,","source.SHRT_REASON_KEY_NUM,"
D1,D1_PHM_CONFFACT_BILLING,WORK_HVD_PR_INVOICE_LINE,,RTRN_REASON_KEY_NUM,INT64,14,,,,,TABLE,"target.RTRN_REASON_KEY_NUM = source.RTRN_REASON_KEY_NUM,","source.RTRN_REASON_KEY_NUM,"
D1,D1_PHM_CONFFACT_BILLING,WORK_HVD_PR_INVOICE_LINE,,PRICE_SCHEME_KEY_NUM,INT64,15,,,,,TABLE,"target.PRICE_SCHEME_KEY_NUM = source.PRICE_SCHEME_KEY_NUM,","source.PRICE_SCHEME_KEY_NUM,"
D1,D1_PHM_CONFFACT_BILLING,WORK_HVD_PR_INVOICE_LINE,,PROMO_KEY_NUM,INT64,16,,,,,TABLE,"target.PROMO_KEY_NUM = source.PROMO_KEY_NUM,","source.PROMO_KEY_NUM,"
D1,D1_PHM_CONFFACT_BILLING,WORK_HVD_PR_INVOICE_LINE,,CNTRCT_TYPE_KEY_NUM,INT64,17,,,,,TABLE,"target.CNTRCT_TYPE_KEY_NUM = source.CNTRCT_TYPE_KEY_NUM,","source.CNTRCT_TYPE_KEY_NUM,"
D1,D1_PHM_CONFFACT_BILLING,WORK_HVD_PR_INVOICE_LINE,,OVRD_TYPE_KEY_NUM,INT64,18,,,,,TABLE,"target.OVRD_TYPE_KEY_NUM = source.OVRD_TYPE_KEY_NUM,","source.OVRD_TYPE_KEY_NUM,"
D1,D1_PHM_CONFFACT_BILLING,WORK_HVD_PR_INVOICE_LINE,,ORDER_ENTRY_MTHD_KEY_NUM,INT64,19,,,,,TABLE,"target.ORDER_ENTRY_MTHD_KEY_NUM = source.ORDER_ENTRY_MTHD_KEY_NUM,","source.ORDER_ENTRY_MTHD_KEY_NUM,"
D1,D1_PHM_CONFFACT_BILLING,WORK_HVD_PR_INVOICE_LINE,,COGS_MULT_KEY_NUM,INT64,20,,,,,TABLE,"target.COGS_MULT_KEY_NUM = source.COGS_MULT_KEY_NUM,","source.COGS_MULT_KEY_NUM,"
D1,D1_PHM_CONFFACT_BILLING,WORK_HVD_PR_INVOICE_LINE,,COGS_TYPE_KEY_NUM,INT64,21,,,,,TABLE,"target.COGS_TYPE_KEY_NUM = source.COGS_TYPE_KEY_NUM,","source.COGS_TYPE_KEY_NUM,"
D1,D1_PHM_CONFFACT_BILLING,WORK_HVD_PR_INVOICE_LINE,,COGS_APPLY_KEY_NUM,INT64,22,,,,,TABLE,"target.COGS_APPLY_KEY_NUM = source.COGS_APPLY_KEY_NUM,","source.COGS_APPLY_KEY_NUM,"
D1,D1_PHM_CONFFACT_BILLING,WORK_HVD_PR_INVOICE_LINE,,CUSTOMER_DEPT_KEY_NUM,INT64,23,,,,,TABLE,"target.CUSTOMER_DEPT_KEY_NUM = source.CUSTOMER_DEPT_KEY_NUM,","source.CUSTOMER_DEPT_KEY_NUM,"
D1,D1_PHM_CONFFACT_BILLING,WORK_HVD_PR_INVOICE_LINE,,ORDER_LMT_REASON_KEY_NUM,INT64,24,,,,,TABLE,"target.ORDER_LMT_REASON_KEY_NUM = source.ORDER_LMT_REASON_KEY_NUM,","source.ORDER_LMT_REASON_KEY_NUM,"
D1,D1_PHM_CONFFACT_BILLING,WORK_HVD_PR_INVOICE_LINE,,RTRN_DSPTN_KEY_NUM,INT64,25,,,,,TABLE,"target.RTRN_DSPTN_KEY_NUM = source.RTRN_DSPTN_KEY_NUM,","source.RTRN_DSPTN_KEY_NUM,"
D1,D1_PHM_CONFFACT_BILLING,WORK_HVD_PR_INVOICE_LINE,,ORIG_PROD_KEY_NUM,INT64,26,,,,,TABLE,"target.ORIG_PROD_KEY_NUM = source.ORIG_PROD_KEY_NUM,","source.ORIG_PROD_KEY_NUM,"
D1,D1_PHM_CONFFACT_BILLING,WORK_HVD_PR_INVOICE_LINE,,DEA_BLANK_ID,STRING,27,,,,,TABLE,"target.DEA_BLANK_ID = source.DEA_BLANK_ID,","source.DEA_BLANK_ID,"
D1,D1_PHM_CONFFACT_BILLING,WORK_HVD_PR_INVOICE_LINE,,VENDOR_RFRNC_ID,STRING,28,,,,,TABLE,"target.VENDOR_RFRNC_ID = source.VENDOR_RFRNC_ID,","source.VENDOR_RFRNC_ID,"
D1,D1_PHM_CONFFACT_BILLING,WORK_HVD_PR_INVOICE_LINE,,AR_DUE_DTE,DATE,29,,,,,TABLE,"target.AR_DUE_DTE = source.AR_DUE_DTE,","source.AR_DUE_DTE,"
D1,D1_PHM_CONFFACT_BILLING,WORK_HVD_PR_INVOICE_LINE,,PO_ID,STRING,30,,,,,TABLE,"target.PO_ID = source.PO_ID,","source.PO_ID,"
D1,D1_PHM_CONFFACT_BILLING,WORK_HVD_PR_INVOICE_LINE,,EXT_SALE_COST_DLR,NUMERIC,31,,,,,TABLE,"target.EXT_SALE_COST_DLR = source.EXT_SALE_COST_DLR,","source.EXT_SALE_COST_DLR,"
D1,D1_PHM_CONFFACT_BILLING,WORK_HVD_PR_INVOICE_LINE,,EXT_NIFO_DLR,NUMERIC,32,,,,,TABLE,"target.EXT_NIFO_DLR = source.EXT_NIFO_DLR,","source.EXT_NIFO_DLR,"
D1,D1_PHM_CONFFACT_BILLING,WORK_HVD_PR_INVOICE_LINE,,EXT_SELL_DLR,NUMERIC,33,,,,,TABLE,"target.EXT_SELL_DLR = source.EXT_SELL_DLR,","source.EXT_SELL_DLR,"
D1,D1_PHM_CONFFACT_BILLING,WORK_HVD_PR_INVOICE_LINE,,EXT_ITEM_SELL_DLR,NUMERIC,34,,,,,TABLE,"target.EXT_ITEM_SELL_DLR = source.EXT_ITEM_SELL_DLR,","source.EXT_ITEM_SELL_DLR,"
D1,D1_PHM_CONFFACT_BILLING,WORK_HVD_PR_INVOICE_LINE,,EXT_INVOICE_DLR,NUMERIC,35,,,,,TABLE,"target.EXT_INVOICE_DLR = source.EXT_INVOICE_DLR,","source.EXT_INVOICE_DLR,"
D1,D1_PHM_CONFFACT_BILLING,WORK_HVD_PR_INVOICE_LINE,,UNIT_SELL_DLR,NUMERIC,36,,,,,TABLE,"target.UNIT_SELL_DLR = source.UNIT_SELL_DLR,","source.UNIT_SELL_DLR,"
D1,D1_PHM_CONFFACT_BILLING,WORK_HVD_PR_INVOICE_LINE,,UNIT_INVOICE_DLR,NUMERIC,37,,,,,TABLE,"target.UNIT_INVOICE_DLR = source.UNIT_INVOICE_DLR,","source.UNIT_INVOICE_DLR,"
D1,D1_PHM_CONFFACT_BILLING,WORK_HVD_PR_INVOICE_LINE,,CUSTOMER_RETAIL_PRICE_DLR,NUMERIC,38,,,,,TABLE,"target.CUSTOMER_RETAIL_PRICE_DLR = source.CUSTOMER_RETAIL_PRICE_DLR,","source.CUSTOMER_RETAIL_PRICE_DLR,"
D1,D1_PHM_CONFFACT_BILLING,WORK_HVD_PR_INVOICE_LINE,,SHIP_QTY,NUMERIC,39,,,,,TABLE,"target.SHIP_QTY = source.SHIP_QTY,","source.SHIP_QTY,"
D1,D1_PHM_CONFFACT_BILLING,WORK_HVD_PR_INVOICE_LINE,,ORDER_QTY,NUMERIC,40,,,,,TABLE,"target.ORDER_QTY = source.ORDER_QTY,","source.ORDER_QTY,"
D1,D1_PHM_CONFFACT_BILLING,WORK_HVD_PR_INVOICE_LINE,,QTY_MULT_NUM,NUMERIC,41,,,,,TABLE,"target.QTY_MULT_NUM = source.QTY_MULT_NUM,","source.QTY_MULT_NUM,"
D1,D1_PHM_CONFFACT_BILLING,WORK_HVD_PR_INVOICE_LINE,,NET_SELL_PROG_KEY_NUM,INT64,42,,,,,TABLE,"target.NET_SELL_PROG_KEY_NUM = source.NET_SELL_PROG_KEY_NUM,","source.NET_SELL_PROG_KEY_NUM,"
D1,D1_PHM_CONFFACT_BILLING,WORK_HVD_PR_INVOICE_LINE,,EXT_BASE_PRICE_DLR,NUMERIC,43,,,,,TABLE,"target.EXT_BASE_PRICE_DLR = source.EXT_BASE_PRICE_DLR,","source.EXT_BASE_PRICE_DLR,"
D1,D1_PHM_CONFFACT_BILLING,WORK_HVD_PR_INVOICE_LINE,,UNIT_BASE_PRICE_DLR,NUMERIC,44,,,,,TABLE,"target.UNIT_BASE_PRICE_DLR = source.UNIT_BASE_PRICE_DLR,","source.UNIT_BASE_PRICE_DLR,"
D1,D1_PHM_CONFFACT_BILLING,WORK_HVD_PR_INVOICE_LINE,,EXT_NET_INCRM_MARGIN_DLR,NUMERIC,45,,,,,TABLE,"target.EXT_NET_INCRM_MARGIN_DLR = source.EXT_NET_INCRM_MARGIN_DLR,","source.EXT_NET_INCRM_MARGIN_DLR,"
D1,D1_PHM_CONFFACT_BILLING,WORK_HVD_PR_INVOICE_LINE,,UNIT_NET_INCRM_MARGIN_DLR,NUMERIC,46,,,,,TABLE,"target.UNIT_NET_INCRM_MARGIN_DLR = source.UNIT_NET_INCRM_MARGIN_DLR,","source.UNIT_NET_INCRM_MARGIN_DLR,"
D1,D1_PHM_CONFFACT_BILLING,WORK_HVD_PR_INVOICE_LINE,,ORDER_NUM,NUMERIC,47,,,,,TABLE,"target.ORDER_NUM = source.ORDER_NUM,","source.ORDER_NUM,"
D1,D1_PHM_CONFFACT_BILLING,WORK_HVD_PR_INVOICE_LINE,,ORDER_LINE_NUM,INT64,48,,,,,TABLE,"target.ORDER_LINE_NUM = source.ORDER_LINE_NUM,","source.ORDER_LINE_NUM,"
D1,D1_PHM_CONFFACT_BILLING,WORK_HVD_PR_INVOICE_LINE,,TOTAL_EXT_ADDL_CHRG_DLR,NUMERIC,49,,,,,TABLE,"target.TOTAL_EXT_ADDL_CHRG_DLR = source.TOTAL_EXT_ADDL_CHRG_DLR,","source.TOTAL_EXT_ADDL_CHRG_DLR,"
D1,D1_PHM_CONFFACT_BILLING,WORK_HVD_PR_INVOICE_LINE,,TOTAL_UNIT_ADDL_CHRG_DLR,NUMERIC,50,,,,,TABLE,"target.TOTAL_UNIT_ADDL_CHRG_DLR = source.TOTAL_UNIT_ADDL_CHRG_DLR,","source.TOTAL_UNIT_ADDL_CHRG_DLR,"
D1,D1_PHM_CONFFACT_BILLING,WORK_HVD_PR_INVOICE_LINE,,ORIG_INVOICE_NUM,NUMERIC,51,,,,,TABLE,"target.ORIG_INVOICE_NUM = source.ORIG_INVOICE_NUM,","source.ORIG_INVOICE_NUM,"
D1,D1_PHM_CONFFACT_BILLING,WORK_HVD_PR_INVOICE_LINE,,CNTRCT_FIXED_SELL_DLR,NUMERIC,52,,,,,TABLE,"target.CNTRCT_FIXED_SELL_DLR = source.CNTRCT_FIXED_SELL_DLR,","source.CNTRCT_FIXED_SELL_DLR,"
D1,D1_PHM_CONFFACT_BILLING,WORK_HVD_PR_INVOICE_LINE,,CAC_KEY_NUM,INT64,53,,,,,TABLE,"target.CAC_KEY_NUM = source.CAC_KEY_NUM,","source.CAC_KEY_NUM,"
D1,D1_PHM_CONFFACT_BILLING,WORK_HVD_PR_INVOICE_LINE,,ORIG_ORDER_QTY,NUMERIC,54,,,,,TABLE,"target.ORIG_ORDER_QTY = source.ORIG_ORDER_QTY,","source.ORIG_ORDER_QTY,"
D1,D1_PHM_CONFFACT_BILLING,WORK_HVD_PR_INVOICE_LINE,,ORIG_UNIT_SELL_DLR,NUMERIC,55,,,,,TABLE,"target.ORIG_UNIT_SELL_DLR = source.ORIG_UNIT_SELL_DLR,","source.ORIG_UNIT_SELL_DLR,"
D1,D1_PHM_CONFFACT_BILLING,WORK_HVD_PR_INVOICE_LINE,,ORIG_EXT_SELL_DLR,NUMERIC,56,,,,,TABLE,"target.ORIG_EXT_SELL_DLR = source.ORIG_EXT_SELL_DLR,","source.ORIG_EXT_SELL_DLR,"
D1,D1_PHM_CONFFACT_BILLING,WORK_HVD_PR_INVOICE_LINE,,ORDER_DTE_KEY_NUM,INT64,57,,,,,TABLE,"target.ORDER_DTE_KEY_NUM = source.ORDER_DTE_KEY_NUM,","source.ORDER_DTE_KEY_NUM,"
D1,D1_PHM_CONFFACT_BILLING,WORK_HVD_PR_INVOICE_LINE,,ORIG_INVOICE_DTE_KEY_NUM,INT64,58,,,,,TABLE,"target.ORIG_INVOICE_DTE_KEY_NUM = source.ORIG_INVOICE_DTE_KEY_NUM,","source.ORIG_INVOICE_DTE_KEY_NUM,"
D1,D1_PHM_CONFFACT_BILLING,WORK_HVD_PR_INVOICE_LINE,,CARD_OVRD_RTRN_REASON_KEY_NUM,INT64,59,,,,,TABLE,"target.CARD_OVRD_RTRN_REASON_KEY_NUM = source.CARD_OVRD_RTRN_REASON_KEY_NUM,","source.CARD_OVRD_RTRN_REASON_KEY_NUM,"
D1,D1_PHM_CONFFACT_BILLING,WORK_HVD_PR_INVOICE_LINE,,CUSTOMER_RTRN_GROUP_KEY_NUM,INT64,60,,,,,TABLE,"target.CUSTOMER_RTRN_GROUP_KEY_NUM = source.CUSTOMER_RTRN_GROUP_KEY_NUM,","source.CUSTOMER_RTRN_GROUP_KEY_NUM,"
D1,D1_PHM_CONFFACT_BILLING,WORK_HVD_PR_INVOICE_LINE,,CREDIT_REBILL_REASON_KEY_NUM,INT64,61,,,,,TABLE,"target.CREDIT_REBILL_REASON_KEY_NUM = source.CREDIT_REBILL_REASON_KEY_NUM,","source.CREDIT_REBILL_REASON_KEY_NUM,"
D1,D1_PHM_CONFFACT_BILLING,WORK_HVD_PR_INVOICE_LINE,,OTS_RCV_DIST_CENTER_KEY_NUM,INT64,62,,,,,TABLE,"target.OTS_RCV_DIST_CENTER_KEY_NUM = source.OTS_RCV_DIST_CENTER_KEY_NUM,","source.OTS_RCV_DIST_CENTER_KEY_NUM,"
D1,D1_PHM_CONFFACT_BILLING,WORK_HVD_PR_INVOICE_LINE,,OTS_RCV_ORDER_NUM,NUMERIC,63,,,,,TABLE,"target.OTS_RCV_ORDER_NUM = source.OTS_RCV_ORDER_NUM,","source.OTS_RCV_ORDER_NUM,"
D1,D1_PHM_CONFFACT_BILLING,WORK_HVD_PR_INVOICE_LINE,,OTS_RCV_ORDER_LINE_NUM,INT64,64,,,,,TABLE,"target.OTS_RCV_ORDER_LINE_NUM = source.OTS_RCV_ORDER_LINE_NUM,","source.OTS_RCV_ORDER_LINE_NUM,"
D1,D1_PHM_CONFFACT_BILLING,WORK_HVD_PR_INVOICE_LINE,,OTS_RCV_INVOICE_NUM,NUMERIC,65,,,,,TABLE,"target.OTS_RCV_INVOICE_NUM = source.OTS_RCV_INVOICE_NUM,","source.OTS_RCV_INVOICE_NUM,"
D1,D1_PHM_CONFFACT_BILLING,WORK_HVD_PR_INVOICE_LINE,,OTS_NEW_ORDER_NUM,NUMERIC,66,,,,,TABLE,"target.OTS_NEW_ORDER_NUM = source.OTS_NEW_ORDER_NUM,","source.OTS_NEW_ORDER_NUM,"
D1,D1_PHM_CONFFACT_BILLING,WORK_HVD_PR_INVOICE_LINE,,OTS_NEW_ORDER_LINE_NUM,INT64,67,,,,,TABLE,"target.OTS_NEW_ORDER_LINE_NUM = source.OTS_NEW_ORDER_LINE_NUM,","source.OTS_NEW_ORDER_LINE_NUM,"
D1,D1_PHM_CONFFACT_BILLING,WORK_HVD_PR_INVOICE_LINE,,CNTRCT_KEY_NUM,INT64,68,,,,,TABLE,"target.CNTRCT_KEY_NUM = source.CNTRCT_KEY_NUM,","source.CNTRCT_KEY_NUM,"
D1,D1_PHM_CONFFACT_BILLING,WORK_HVD_PR_INVOICE_LINE,,ORIG_CNTRCT_GROUP_KEY_NUM,INT64,69,,,,,TABLE,"target.ORIG_CNTRCT_GROUP_KEY_NUM = source.ORIG_CNTRCT_GROUP_KEY_NUM,","source.ORIG_CNTRCT_GROUP_KEY_NUM,"
D1,D1_PHM_CONFFACT_BILLING,WORK_HVD_PR_INVOICE_LINE,,SOM_HOLD_ORDER_NUM,NUMERIC,70,,,,,TABLE,"target.SOM_HOLD_ORDER_NUM = source.SOM_HOLD_ORDER_NUM,","source.SOM_HOLD_ORDER_NUM,"
D1,D1_PHM_CONFFACT_BILLING,WORK_HVD_PR_INVOICE_LINE,,OVRD_SHIP_QTY,NUMERIC,71,,,,,TABLE,"target.OVRD_SHIP_QTY = source.OVRD_SHIP_QTY,","source.OVRD_SHIP_QTY,"
D1,D1_PHM_CONFFACT_BILLING,WORK_HVD_PR_INVOICE_LINE,,DYNMC_ALLCT_CUT_QTY,NUMERIC,72,,,,,TABLE,"target.DYNMC_ALLCT_CUT_QTY = source.DYNMC_ALLCT_CUT_QTY,","source.DYNMC_ALLCT_CUT_QTY,"
D1,D1_PHM_CONFFACT_BILLING,WORK_HVD_PR_INVOICE_LINE,,WHSE_CUT_QTY,NUMERIC,73,,,,,TABLE,"target.WHSE_CUT_QTY = source.WHSE_CUT_QTY,","source.WHSE_CUT_QTY,"
D1,D1_PHM_CONFFACT_BILLING,WORK_HVD_PR_INVOICE_LINE,,LINE_SHRT_REASON_KEY_NUM,INT64,74,,,,,TABLE,"target.LINE_SHRT_REASON_KEY_NUM = source.LINE_SHRT_REASON_KEY_NUM,","source.LINE_SHRT_REASON_KEY_NUM,"
D1,D1_PHM_CONFFACT_BILLING,WORK_HVD_PR_INVOICE_LINE,,RPT_SHRT_REASON_KEY_NUM,INT64,75,,,,,TABLE,"target.RPT_SHRT_REASON_KEY_NUM = source.RPT_SHRT_REASON_KEY_NUM,","source.RPT_SHRT_REASON_KEY_NUM,"
D1,D1_PHM_CONFFACT_BILLING,WORK_HVD_PR_INVOICE_LINE,,RPT_LINE_SHRT_REASON_KEY_NUM,INT64,76,,,,,TABLE,"target.RPT_LINE_SHRT_REASON_KEY_NUM = source.RPT_LINE_SHRT_REASON_KEY_NUM,","source.RPT_LINE_SHRT_REASON_KEY_NUM,"
D1,D1_PHM_CONFFACT_BILLING,WORK_HVD_PR_INVOICE_LINE,,OTS_TYPE_KEY_NUM,INT64,77,,,,,TABLE,"target.OTS_TYPE_KEY_NUM = source.OTS_TYPE_KEY_NUM,","source.OTS_TYPE_KEY_NUM,"
D1,D1_PHM_CONFFACT_BILLING,WORK_HVD_PR_INVOICE_LINE,,PRICE_SGMNT_KEY_NUM,INT64,78,,,,,TABLE,"target.PRICE_SGMNT_KEY_NUM = source.PRICE_SGMNT_KEY_NUM,","source.PRICE_SGMNT_KEY_NUM,"
D1,D1_PHM_CONFFACT_BILLING,WORK_HVD_PR_INVOICE_LINE,,ORIG_ORDER_UNIT_SELL_DLR,NUMERIC,79,,,,,TABLE,"target.ORIG_ORDER_UNIT_SELL_DLR = source.ORIG_ORDER_UNIT_SELL_DLR,","source.ORIG_ORDER_UNIT_SELL_DLR,"
D1,D1_PHM_CONFFACT_BILLING,WORK_HVD_PR_INVOICE_LINE,,ORIG_ORDER_EXT_SELL_DLR,NUMERIC,80,,,,,TABLE,"target.ORIG_ORDER_EXT_SELL_DLR = source.ORIG_ORDER_EXT_SELL_DLR,","source.ORIG_ORDER_EXT_SELL_DLR,"
D1,D1_PHM_CONFFACT_BILLING,WORK_HVD_PR_INVOICE_LINE,,SBST_OVRD_REASON_KEY_NUM,INT64,81,,,,,TABLE,"target.SBST_OVRD_REASON_KEY_NUM = source.SBST_OVRD_REASON_KEY_NUM,","source.SBST_OVRD_REASON_KEY_NUM,"
D1,D1_PHM_CONFFACT_BILLING,WORK_HVD_PR_INVOICE_LINE,,INVOICE_SUFFIX_FLG,STRING,82,,,,,TABLE,"target.INVOICE_SUFFIX_FLG = source.INVOICE_SUFFIX_FLG,","source.INVOICE_SUFFIX_FLG,"
D1,D1_PHM_CONFFACT_BILLING,WORK_HVD_PR_INVOICE_LINE,,CREDIT_MEMO_NUM,STRING,83,,,,,TABLE,"target.CREDIT_MEMO_NUM = source.CREDIT_MEMO_NUM,","source.CREDIT_MEMO_NUM,"
D1,D1_PHM_CONFFACT_BILLING,WORK_HVD_PR_INVOICE_LINE,,SPD_ORDER_SRC_CDE_KEY_NUM,INT64,84,,,,,TABLE,"target.SPD_ORDER_SRC_CDE_KEY_NUM = source.SPD_ORDER_SRC_CDE_KEY_NUM,","source.SPD_ORDER_SRC_CDE_KEY_NUM,"
D1,D1_PHM_CONFFACT_BILLING,WORK_HVD_PR_INVOICE_LINE,,TRNSCT_ID,STRING,85,,,,,TABLE,"target.TRNSCT_ID = source.TRNSCT_ID,","source.TRNSCT_ID,"
D1,D1_PHM_CONFFACT_BILLING,WORK_HVD_PR_INVOICE_LINE,,PYMT_TERM_KEY_NUM,INT64,86,,,,,TABLE,"target.PYMT_TERM_KEY_NUM = source.PYMT_TERM_KEY_NUM,","source.PYMT_TERM_KEY_NUM,"
D1,D1_PHM_CONFFACT_BILLING,WORK_HVD_PR_INVOICE_LINE,,PYMT_TERM_POLICY_KEY_NUM,INT64,87,,,,,TABLE,"target.PYMT_TERM_POLICY_KEY_NUM = source.PYMT_TERM_POLICY_KEY_NUM,","source.PYMT_TERM_POLICY_KEY_NUM,"
D1,D1_PHM_CONFFACT_BILLING,WORK_HVD_PR_INVOICE_LINE,,SUGG_ORDER_QTY,INT64,88,,,,,TABLE,"target.SUGG_ORDER_QTY = source.SUGG_ORDER_QTY,","source.SUGG_ORDER_QTY,"
D1,D1_PHM_CONFFACT_BILLING,WORK_HVD_PR_INVOICE_LINE,,ORDER_TIM,INT64,89,,,,,TABLE,"target.ORDER_TIM = source.ORDER_TIM,","source.ORDER_TIM,"
D1,D1_PHM_CONFFACT_BILLING,WORK_HVD_PR_INVOICE_LINE,,ORDER_ALLCT_DTE_KEY_NUM,INT64,90,,,,,TABLE,"target.ORDER_ALLCT_DTE_KEY_NUM = source.ORDER_ALLCT_DTE_KEY_NUM,","source.ORDER_ALLCT_DTE_KEY_NUM,"
D1,D1_PHM_CONFFACT_BILLING,WORK_HVD_PR_INVOICE_LINE,,ORDER_ALLCT_TIM,INT64,91,,,,,TABLE,"target.ORDER_ALLCT_TIM = source.ORDER_ALLCT_TIM,","source.ORDER_ALLCT_TIM,"
D1,D1_PHM_CONFFACT_BILLING,WORK_HVD_PR_INVOICE_LINE,,PICK_DTE_KEY_NUM,INT64,92,,,,,TABLE,"target.PICK_DTE_KEY_NUM = source.PICK_DTE_KEY_NUM,","source.PICK_DTE_KEY_NUM,"
D1,D1_PHM_CONFFACT_BILLING,WORK_HVD_PR_INVOICE_LINE,,PICK_DTE_TIM,INT64,93,,,,,TABLE,"target.PICK_DTE_TIM = source.PICK_DTE_TIM,","source.PICK_DTE_TIM,"
D1,D1_PHM_CONFFACT_BILLING,WORK_HVD_PR_INVOICE_LINE,,ORDER_PLC_USER_ID,STRING,94,,,,,TABLE,"target.ORDER_PLC_USER_ID = source.ORDER_PLC_USER_ID,","source.ORDER_PLC_USER_ID,"
D1,D1_PHM_CONFFACT_BILLING,WORK_HVD_PR_INVOICE_LINE,,CREDIT_DETAIL_CMNT_TXT,STRING,95,,,,,TABLE,"target.CREDIT_DETAIL_CMNT_TXT = source.CREDIT_DETAIL_CMNT_TXT,","source.CREDIT_DETAIL_CMNT_TXT,"
D1,D1_PHM_CONFFACT_BILLING,WORK_HVD_PR_INVOICE_LINE,,SPECIAL_INSTR_2_TXT,STRING,96,,,,,TABLE,"target.SPECIAL_INSTR_2_TXT = source.SPECIAL_INSTR_2_TXT,","source.SPECIAL_INSTR_2_TXT,"
D1,D1_PHM_CONFFACT_BILLING,WORK_HVD_PR_INVOICE_LINE,,SPECIAL_INSTR_3_TXT,STRING,97,,,,,TABLE,"target.SPECIAL_INSTR_3_TXT = source.SPECIAL_INSTR_3_TXT,","source.SPECIAL_INSTR_3_TXT,"
D1,D1_PHM_CONFFACT_BILLING,WORK_HVD_PR_INVOICE_LINE,,PRICE_ADJ_REASON_KEY_NUM,INT64,98,,,,,TABLE,"target.PRICE_ADJ_REASON_KEY_NUM = source.PRICE_ADJ_REASON_KEY_NUM,","source.PRICE_ADJ_REASON_KEY_NUM,"
D1,D1_PHM_CONFFACT_BILLING,WORK_HVD_PR_INVOICE_LINE,,DAPA_ID,STRING,99,,,,,TABLE,"target.DAPA_ID = source.DAPA_ID,","source.DAPA_ID,"
D1,D1_PHM_CONFFACT_BILLING,WORK_HVD_PR_INVOICE_LINE,,REBATE_PCT_FCTR_PCT,NUMERIC,100,,,,,TABLE,"target.REBATE_PCT_FCTR_PCT = source.REBATE_PCT_FCTR_PCT,","source.REBATE_PCT_FCTR_PCT,"
D1,D1_PHM_CONFFACT_BILLING,WORK_HVD_PR_INVOICE_LINE,,AFTER_REBATE_PRICE_AMT,NUMERIC,101,,,,,TABLE,"target.AFTER_REBATE_PRICE_AMT = source.AFTER_REBATE_PRICE_AMT,","source.AFTER_REBATE_PRICE_AMT,"
D1,D1_PHM_CONFFACT_BILLING,WORK_HVD_PR_INVOICE_LINE,,NBRBT_CNTRCT_NUM,NUMERIC,102,,,,,TABLE,"target.NBRBT_CNTRCT_NUM = source.NBRBT_CNTRCT_NUM,","source.NBRBT_CNTRCT_NUM,"
D1,D1_PHM_CONFFACT_BILLING,WORK_HVD_PR_INVOICE_LINE,,NBRBT_CNTRCT_PRICE_AMT,NUMERIC,103,,,,,TABLE,"target.NBRBT_CNTRCT_PRICE_AMT = source.NBRBT_CNTRCT_PRICE_AMT,","source.NBRBT_CNTRCT_PRICE_AMT,"
D1,D1_PHM_CONFFACT_BILLING,WORK_HVD_PR_INVOICE_LINE,,SPECIAL_INSTR_1_TXT,STRING,104,,,,,TABLE,"target.SPECIAL_INSTR_1_TXT = source.SPECIAL_INSTR_1_TXT,","source.SPECIAL_INSTR_1_TXT,"
D1,D1_PHM_CONFFACT_BILLING,WORK_HVD_PR_INVOICE_LINE,,SBST_ITEM_PRICE_SGMNT_KEY_NUM,INT64,105,,,,,TABLE,"target.SBST_ITEM_PRICE_SGMNT_KEY_NUM = source.SBST_ITEM_PRICE_SGMNT_KEY_NUM,","source.SBST_ITEM_PRICE_SGMNT_KEY_NUM,"
D1,D1_PHM_CONFFACT_BILLING,WORK_HVD_PR_INVOICE_LINE,,SRC_SYSTEM_NAM,STRING,106,,,,,TABLE,"target.SRC_SYSTEM_NAM = source.SRC_SYSTEM_NAM,","source.SRC_SYSTEM_NAM,"
D1,D1_PHM_CONFFACT_BILLING,WORK_HVD_PR_INVOICE_LINE,,sap_bill_doc,NUMERIC,107,,,,,TABLE,"target.sap_bill_doc = source.sap_bill_doc,","source.sap_bill_doc,"
D1,D1_PHM_CONFFACT_BILLING,WORK_HVD_PR_INVOICE_LINE,,sap_cncl_doc,NUMERIC,108,,,,,TABLE,"target.sap_cncl_doc = source.sap_cncl_doc,","source.sap_cncl_doc,"
D1,D1_PHM_CONFFACT_BILLING,WORK_HVD_PR_INVOICE_LINE,,SAP_CNCL_FLG,STRING,109,,,,,TABLE,"target.SAP_CNCL_FLG = source.SAP_CNCL_FLG,","source.SAP_CNCL_FLG,"
D1,D1_PHM_CONFFACT_BILLING,WORK_HVD_PR_INVOICE_LINE,,SAP_PRICING_DIV,FLOAT64,110,,,,,TABLE,"target.SAP_PRICING_DIV = source.SAP_PRICING_DIV,","source.SAP_PRICING_DIV,"
D1,D1_PHM_CONFFACT_BILLING,WORK_HVD_PR_INVOICE_LINE,,ROW_ADD_STP,TIMESTAMP,111,,,,,TABLE,"target.ROW_ADD_STP = source.ROW_ADD_STP,","source.ROW_ADD_STP,"
D1,D1_PHM_CONFFACT_BILLING,WORK_HVD_PR_INVOICE_LINE,,ROW_ADD_USER_ID,STRING,112,,,,,TABLE,"target.ROW_ADD_USER_ID = source.ROW_ADD_USER_ID,","source.ROW_ADD_USER_ID,"
D1,D1_PHM_CONFFACT_BILLING,WORK_HVD_PR_INVOICE_LINE,,ROW_UPDATE_STP,TIMESTAMP,113,,,,,TABLE,"target.ROW_UPDATE_STP = source.ROW_UPDATE_STP,","source.ROW_UPDATE_STP,"
D1,D1_PHM_CONFFACT_BILLING,WORK_HVD_PR_INVOICE_LINE,,ROW_UPDATE_USER_ID,STRING,114,,,,,TABLE,"target.ROW_UPDATE_USER_ID = source.ROW_UPDATE_USER_ID,","source.ROW_UPDATE_USER_ID,"
